x,y,edition_count,geo_tiff_count,tile_id
20,-21,0,0,2020
20,-22,0,0,2120
20,-23,0,0,2220
20,-24,0,0,2320
20,-25,0,0,2420
20,-26,0,0,2520
20,-27,0,0,2620
20,-28,0,0,2720
20,-29,0,0,2820
20,-30,0,0,2920
20,-31,0,0,3020
20,-32,0,0,3120
20,-33,0,0,3220
20,-34,0,0,3320
20,-35,0,0,3420
20,-36,0,0,3520
20,-37,0,0,3620
20,-38,0,0,3720
20,-39,0,0,3820
20,-40,0,0,3920
20,-41,0,0,4020
20,-42,0,0,4120
20,-43,0,0,4220
20,-44,0,0,4320
20,-45,0,0,4420
20,-46,0,0,4520
20,-47,0,0,4620
20,-48,0,0,4720
20,-49,0,0,4820
20,-50,0,0,4920
20,-51,0,0,5020
20,-52,0,0,5120
20,-53,0,0,5220
20,-54,0,0,5320
20,-55,0,0,5420
20,-56,0,0,5520
20,-57,0,0,5620
20,-58,0,0,5720
20,-59,0,0,5820
20,-60,0,0,5920
20,-61,0,0,6020
20,-62,0,0,6120
20,-63,0,0,6220
20,-64,0,0,6320
20,-65,0,0,6420
20,-66,0,0,6520
20,-67,0,0,6620
20,-68,0,0,6720
20,-69,0,0,6820
20,-70,0,0,6920
20,-71,0,0,7020
20,-72,0,0,7120
20,-73,0,0,7220
20,-74,0,0,7320
20,-75,0,0,7420
20,-76,0,0,7520
20,-77,0,0,7620
20,-78,0,0,7720
20,-79,0,0,7820
20,-80,0,0,7920
21,-21,0,0,2021
21,-22,0,0,2121
21,-23,0,0,2221
21,-24,0,0,2321
21,-25,0,0,2421
21,-26,0,0,2521
21,-27,0,0,2621
21,-28,0,0,2721
21,-29,0,0,2821
21,-30,0,0,2921
21,-31,0,0,3021
21,-32,0,0,3121
21,-33,0,0,3221
21,-34,0,0,3321
21,-35,0,0,3421
21,-36,0,0,3521
21,-37,0,0,3621
21,-38,0,0,3721
21,-39,0,0,3821
21,-40,0,0,3921
21,-41,0,0,4021
21,-42,0,0,4121
21,-43,0,0,4221
21,-44,0,0,4321
21,-45,0,0,4421
21,-46,0,0,4521
21,-47,0,0,4621
21,-48,0,0,4721
21,-49,0,0,4821
21,-50,0,0,4921
21,-51,0,0,5021
21,-52,0,0,5121
21,-53,0,0,5221
21,-54,0,0,5321
21,-55,0,0,5421
21,-56,0,0,5521
21,-57,0,0,5621
21,-58,0,0,5721
21,-59,0,0,5821
21,-60,0,0,5921
21,-61,0,0,6021
21,-62,0,0,6121
21,-63,0,0,6221
21,-64,0,0,6321
21,-65,0,0,6421
21,-66,0,0,6521
21,-67,0,0,6621
21,-68,0,0,6721
21,-69,0,0,6821
21,-70,0,0,6921
21,-71,0,0,7021
21,-72,0,0,7121
21,-73,0,0,7221
21,-74,0,0,7321
21,-75,0,0,7421
21,-76,0,0,7521
21,-77,0,0,7621
21,-78,0,0,7721
21,-79,0,0,7821
21,-80,0,0,7921
22,-21,0,0,2022
22,-22,0,0,2122
22,-23,0,0,2222
22,-24,0,0,2322
22,-25,0,0,2422
22,-26,0,0,2522
22,-27,0,0,2622
22,-28,0,0,2722
22,-29,0,0,2822
22,-30,0,0,2922
22,-31,0,0,3022
22,-32,0,0,3122
22,-33,0,0,3222
22,-34,0,0,3322
22,-35,0,0,3422
22,-36,0,0,3522
22,-37,0,0,3622
22,-38,0,0,3722
22,-39,0,0,3822
22,-40,0,0,3922
22,-41,0,0,4022
22,-42,0,0,4122
22,-43,0,0,4222
22,-44,0,0,4322
22,-45,0,0,4422
22,-46,0,0,4522
22,-47,0,0,4622
22,-48,0,0,4722
22,-49,0,0,4822
22,-50,0,0,4922
22,-51,0,0,5022
22,-52,0,0,5122
22,-53,0,0,5222
22,-54,0,0,5322
22,-55,0,0,5422
22,-56,0,0,5522
22,-57,0,0,5622
22,-58,0,0,5722
22,-59,0,0,5822
22,-60,0,0,5922
22,-61,0,0,6022
22,-62,0,0,6122
22,-63,0,0,6222
22,-64,0,0,6322
22,-65,0,0,6422
22,-66,0,0,6522
22,-67,0,0,6622
22,-68,0,0,6722
22,-69,0,0,6822
22,-70,0,0,6922
22,-71,0,0,7022
22,-72,0,0,7122
22,-73,0,0,7222
22,-74,0,0,7322
22,-75,0,0,7422
22,-76,0,0,7522
22,-77,0,0,7622
22,-78,0,0,7722
22,-79,0,0,7822
22,-80,0,0,7922
23,-21,0,0,2023
23,-22,0,0,2123
23,-23,0,0,2223
23,-24,0,0,2323
23,-25,0,0,2423
23,-26,0,0,2523
23,-27,0,0,2623
23,-28,0,0,2723
23,-29,0,0,2823
23,-30,0,0,2923
23,-31,0,0,3023
23,-32,0,0,3123
23,-33,0,0,3223
23,-34,0,0,3323
23,-35,0,0,3423
23,-36,0,0,3523
23,-37,0,0,3623
23,-38,0,0,3723
23,-39,0,0,3823
23,-40,0,0,3923
23,-41,0,0,4023
23,-42,0,0,4123
23,-43,0,0,4223
23,-44,0,0,4323
23,-45,0,0,4423
23,-46,0,0,4523
23,-47,0,0,4623
23,-48,0,0,4723
23,-49,0,0,4823
23,-50,0,0,4923
23,-51,0,0,5023
23,-52,0,0,5123
23,-53,0,0,5223
23,-54,0,0,5323
23,-55,0,0,5423
23,-56,0,0,5523
23,-57,0,0,5623
23,-58,0,0,5723
23,-59,0,0,5823
23,-60,0,0,5923
23,-61,0,0,6023
23,-62,0,0,6123
23,-63,0,0,6223
23,-64,0,0,6323
23,-65,0,0,6423
23,-66,0,0,6523
23,-67,0,0,6623
23,-68,0,0,6723
23,-69,0,0,6823
23,-70,0,0,6923
23,-71,0,0,7023
23,-72,0,0,7123
23,-73,0,0,7223
23,-74,0,0,7323
23,-75,0,0,7423
23,-76,0,0,7523
23,-77,0,0,7623
23,-78,0,0,7723
23,-79,0,0,7823
23,-80,0,0,7923
24,-21,0,0,2024
24,-22,0,0,2124
24,-23,0,0,2224
24,-24,0,0,2324
24,-25,0,0,2424
24,-26,0,0,2524
24,-27,0,0,2624
24,-28,0,0,2724
24,-29,0,0,2824
24,-30,0,0,2924
24,-31,0,0,3024
24,-32,0,0,3124
24,-33,0,0,3224
24,-34,0,0,3324
24,-35,0,0,3424
24,-36,0,0,3524
24,-37,0,0,3624
24,-38,0,0,3724
24,-39,0,0,3824
24,-40,0,0,3924
24,-41,0,0,4024
24,-42,0,0,4124
24,-43,0,0,4224
24,-44,0,0,4324
24,-45,0,0,4424
24,-46,0,0,4524
24,-47,0,0,4624
24,-48,0,0,4724
24,-49,0,0,4824
24,-50,0,0,4924
24,-51,0,0,5024
24,-52,0,0,5124
24,-53,0,0,5224
24,-54,0,0,5324
24,-55,0,0,5424
24,-56,0,0,5524
24,-57,0,0,5624
24,-58,0,0,5724
24,-59,0,0,5824
24,-60,0,0,5924
24,-61,0,0,6024
24,-62,0,0,6124
24,-63,0,0,6224
24,-64,0,0,6324
24,-65,0,0,6424
24,-66,0,0,6524
24,-67,0,0,6624
24,-68,0,0,6724
24,-69,0,0,6824
24,-70,0,0,6924
24,-71,0,0,7024
24,-72,0,0,7124
24,-73,0,0,7224
24,-74,0,0,7324
24,-75,0,0,7424
24,-76,0,0,7524
24,-77,0,0,7624
24,-78,0,0,7724
24,-79,0,0,7824
24,-80,0,0,7924
25,-21,0,0,2025
25,-22,0,0,2125
25,-23,0,0,2225
25,-24,0,0,2325
25,-25,0,0,2425
25,-26,0,0,2525
25,-27,0,0,2625
25,-28,0,0,2725
25,-29,0,0,2825
25,-30,0,0,2925
25,-31,0,0,3025
25,-32,0,0,3125
25,-33,0,0,3225
25,-34,0,0,3325
25,-35,0,0,3425
25,-36,0,0,3525
25,-37,0,0,3625
25,-38,0,0,3725
25,-39,0,0,3825
25,-40,0,0,3925
25,-41,0,0,4025
25,-42,0,0,4125
25,-43,0,0,4225
25,-44,0,0,4325
25,-45,0,0,4425
25,-46,0,0,4525
25,-47,0,0,4625
25,-48,0,0,4725
25,-49,0,0,4825
25,-50,0,0,4925
25,-51,0,0,5025
25,-52,0,0,5125
25,-53,0,0,5225
25,-54,0,0,5325
25,-55,0,0,5425
25,-56,0,0,5525
25,-57,0,0,5625
25,-58,0,0,5725
25,-59,0,0,5825
25,-60,0,0,5925
25,-61,0,0,6025
25,-62,0,0,6125
25,-63,0,0,6225
25,-64,0,0,6325
25,-65,0,0,6425
25,-66,0,0,6525
25,-67,0,0,6625
25,-68,0,0,6725
25,-69,0,0,6825
25,-70,0,0,6925
25,-71,0,0,7025
25,-72,0,0,7125
25,-73,0,0,7225
25,-74,0,0,7325
25,-75,0,0,7425
25,-76,0,0,7525
25,-77,0,0,7625
25,-78,0,0,7725
25,-79,0,0,7825
25,-80,0,0,7925
26,-21,0,0,2026
26,-22,0,0,2126
26,-23,0,0,2226
26,-24,0,0,2326
26,-25,0,0,2426
26,-26,0,0,2526
26,-27,0,0,2626
26,-28,0,0,2726
26,-29,0,0,2826
26,-30,0,0,2926
26,-31,0,0,3026
26,-32,0,0,3126
26,-33,0,0,3226
26,-34,0,0,3326
26,-35,0,0,3426
26,-36,0,0,3526
26,-37,0,0,3626
26,-38,0,0,3726
26,-39,0,0,3826
26,-40,0,0,3926
26,-41,0,0,4026
26,-42,0,0,4126
26,-43,0,0,4226
26,-44,0,0,4326
26,-45,0,0,4426
26,-46,0,0,4526
26,-47,0,0,4626
26,-48,0,0,4726
26,-49,0,0,4826
26,-50,0,0,4926
26,-51,0,0,5026
26,-52,0,0,5126
26,-53,0,0,5226
26,-54,0,0,5326
26,-55,0,0,5426
26,-56,0,0,5526
26,-57,0,0,5626
26,-58,0,0,5726
26,-59,0,0,5826
26,-60,0,0,5926
26,-61,0,0,6026
26,-62,0,0,6126
26,-63,0,0,6226
26,-64,0,0,6326
26,-65,0,0,6426
26,-66,0,0,6526
26,-67,0,0,6626
26,-68,0,0,6726
26,-69,0,0,6826
26,-70,0,0,6926
26,-71,0,0,7026
26,-72,0,0,7126
26,-73,0,0,7226
26,-74,0,0,7326
26,-75,0,0,7426
26,-76,0,0,7526
26,-77,0,0,7626
26,-78,0,0,7726
26,-79,0,0,7826
26,-80,0,0,7926
27,-21,0,0,2027
27,-22,0,0,2127
27,-23,0,0,2227
27,-24,0,0,2327
27,-25,0,0,2427
27,-26,0,0,2527
27,-27,0,0,2627
27,-28,0,0,2727
27,-29,0,0,2827
27,-30,0,0,2927
27,-31,0,0,3027
27,-32,0,0,3127
27,-33,0,0,3227
27,-34,0,0,3327
27,-35,0,0,3427
27,-36,0,0,3527
27,-37,0,0,3627
27,-38,0,0,3727
27,-39,0,0,3827
27,-40,0,0,3927
27,-41,0,0,4027
27,-42,0,0,4127
27,-43,0,0,4227
27,-44,0,0,4327
27,-45,0,0,4427
27,-46,0,0,4527
27,-47,0,0,4627
27,-48,0,0,4727
27,-49,0,0,4827
27,-50,0,0,4927
27,-51,0,0,5027
27,-52,0,0,5127
27,-53,0,0,5227
27,-54,0,0,5327
27,-55,0,0,5427
27,-56,0,0,5527
27,-57,0,0,5627
27,-58,0,0,5727
27,-59,0,0,5827
27,-60,0,0,5927
27,-61,0,0,6027
27,-62,0,0,6127
27,-63,0,0,6227
27,-64,0,0,6327
27,-65,0,0,6427
27,-66,0,0,6527
27,-67,0,0,6627
27,-68,0,0,6727
27,-69,0,0,6827
27,-70,0,0,6927
27,-71,0,0,7027
27,-72,0,0,7127
27,-73,0,0,7227
27,-74,0,0,7327
27,-75,0,0,7427
27,-76,0,0,7527
27,-77,0,0,7627
27,-78,0,0,7727
27,-79,0,0,7827
27,-80,0,0,7927
28,-21,0,0,2028
28,-22,0,0,2128
28,-23,0,0,2228
28,-24,0,0,2328
28,-25,0,0,2428
28,-26,0,0,2528
28,-27,0,0,2628
28,-28,0,0,2728
28,-29,0,0,2828
28,-30,0,0,2928
28,-31,0,0,3028
28,-32,0,0,3128
28,-33,0,0,3228
28,-34,0,0,3328
28,-35,0,0,3428
28,-36,0,0,3528
28,-37,0,0,3628
28,-38,0,0,3728
28,-39,0,0,3828
28,-40,0,0,3928
28,-41,0,0,4028
28,-42,0,0,4128
28,-43,0,0,4228
28,-44,0,0,4328
28,-45,0,0,4428
28,-46,0,0,4528
28,-47,0,0,4628
28,-48,0,0,4728
28,-49,0,0,4828
28,-50,0,0,4928
28,-51,0,0,5028
28,-52,0,0,5128
28,-53,0,0,5228
28,-54,0,0,5328
28,-55,0,0,5428
28,-56,0,0,5528
28,-57,0,0,5628
28,-58,0,0,5728
28,-59,0,0,5828
28,-60,0,0,5928
28,-61,0,0,6028
28,-62,0,0,6128
28,-63,0,0,6228
28,-64,0,0,6328
28,-65,0,0,6428
28,-66,0,0,6528
28,-67,0,0,6628
28,-68,0,0,6728
28,-69,0,0,6828
28,-70,0,0,6928
28,-71,0,0,7028
28,-72,0,0,7128
28,-73,0,0,7228
28,-74,0,0,7328
28,-75,0,0,7428
28,-76,0,0,7528
28,-77,0,0,7628
28,-78,0,0,7728
28,-79,0,0,7828
28,-80,0,0,7928
29,-21,0,0,2029
29,-22,0,0,2129
29,-23,0,0,2229
29,-24,0,0,2329
29,-25,0,0,2429
29,-26,0,0,2529
29,-27,0,0,2629
29,-28,0,0,2729
29,-29,0,0,2829
29,-30,0,0,2929
29,-31,0,0,3029
29,-32,0,0,3129
29,-33,0,0,3229
29,-34,0,0,3329
29,-35,0,0,3429
29,-36,0,0,3529
29,-37,0,0,3629
29,-38,0,0,3729
29,-39,0,0,3829
29,-40,0,0,3929
29,-41,0,0,4029
29,-42,0,0,4129
29,-43,0,0,4229
29,-44,0,0,4329
29,-45,0,0,4429
29,-46,0,0,4529
29,-47,0,0,4629
29,-48,0,0,4729
29,-49,0,0,4829
29,-50,0,0,4929
29,-51,0,0,5029
29,-52,0,0,5129
29,-53,0,0,5229
29,-54,0,0,5329
29,-55,0,0,5429
29,-56,0,0,5529
29,-57,0,0,5629
29,-58,0,0,5729
29,-59,0,0,5829
29,-60,0,0,5929
29,-61,0,0,6029
29,-62,0,0,6129
29,-63,0,0,6229
29,-64,0,0,6329
29,-65,0,0,6429
29,-66,0,0,6529
29,-67,0,0,6629
29,-68,0,0,6729
29,-69,0,0,6829
29,-70,0,0,6929
29,-71,0,0,7029
29,-72,0,0,7129
29,-73,0,0,7229
29,-74,0,0,7329
29,-75,0,0,7429
29,-76,0,0,7529
29,-77,0,0,7629
29,-78,0,0,7729
29,-79,0,0,7829
29,-80,0,0,7929
30,-21,0,0,2030
30,-22,0,0,2130
30,-23,0,0,2230
30,-24,0,0,2330
30,-25,0,0,2430
30,-26,0,0,2530
30,-27,0,0,2630
30,-28,0,0,2730
30,-29,0,0,2830
30,-30,0,0,2930
30,-31,0,0,3030
30,-32,0,0,3130
30,-33,0,0,3230
30,-34,0,0,3330
30,-35,0,0,3430
30,-36,0,0,3530
30,-37,0,0,3630
30,-38,0,0,3730
30,-39,0,0,3830
30,-40,0,0,3930
30,-41,0,0,4030
30,-42,0,0,4130
30,-43,0,0,4230
30,-44,0,0,4330
30,-45,0,0,4430
30,-46,0,0,4530
30,-47,0,0,4630
30,-48,0,0,4730
30,-49,0,0,4830
30,-50,0,0,4930
30,-51,0,0,5030
30,-52,0,0,5130
30,-53,0,0,5230
30,-54,0,0,5330
30,-55,0,0,5430
30,-56,0,0,5530
30,-57,0,0,5630
30,-58,0,0,5730
30,-59,0,0,5830
30,-60,0,0,5930
30,-61,0,0,6030
30,-62,0,0,6130
30,-63,0,0,6230
30,-64,0,0,6330
30,-65,0,0,6430
30,-66,0,0,6530
30,-67,0,0,6630
30,-68,0,0,6730
30,-69,0,0,6830
30,-70,0,0,6930
30,-71,0,0,7030
30,-72,0,0,7130
30,-73,0,0,7230
30,-74,0,0,7330
30,-75,0,0,7430
30,-76,0,0,7530
30,-77,0,0,7630
30,-78,0,0,7730
30,-79,0,0,7830
30,-80,0,0,7930
31,-21,0,0,2031
31,-22,0,0,2131
31,-23,0,0,2231
31,-24,0,0,2331
31,-25,0,0,2431
31,-26,0,0,2531
31,-27,0,0,2631
31,-28,0,0,2731
31,-29,0,0,2831
31,-30,0,0,2931
31,-31,0,0,3031
31,-32,0,0,3131
31,-33,0,0,3231
31,-34,0,0,3331
31,-35,0,0,3431
31,-36,0,0,3531
31,-37,0,0,3631
31,-38,0,0,3731
31,-39,0,0,3831
31,-40,0,0,3931
31,-41,0,0,4031
31,-42,0,0,4131
31,-43,0,0,4231
31,-44,0,0,4331
31,-45,0,0,4431
31,-46,0,0,4531
31,-47,0,0,4631
31,-48,0,0,4731
31,-49,0,0,4831
31,-50,0,0,4931
31,-51,0,0,5031
31,-52,0,0,5131
31,-53,0,0,5231
31,-54,0,0,5331
31,-55,0,0,5431
31,-56,0,0,5531
31,-57,0,0,5631
31,-58,0,0,5731
31,-59,0,0,5831
31,-60,0,0,5931
31,-61,0,0,6031
31,-62,0,0,6131
31,-63,0,0,6231
31,-64,0,0,6331
31,-65,0,0,6431
31,-66,0,0,6531
31,-67,0,0,6631
31,-68,0,0,6731
31,-69,0,0,6831
31,-70,0,0,6931
31,-71,0,0,7031
31,-72,0,0,7131
31,-73,0,0,7231
31,-74,0,0,7331
31,-75,0,0,7431
31,-76,0,0,7531
31,-77,0,0,7631
31,-78,0,0,7731
31,-79,0,0,7831
31,-80,0,0,7931
32,-21,0,0,2032
32,-22,0,0,2132
32,-23,0,0,2232
32,-24,0,0,2332
32,-25,0,0,2432
32,-26,0,0,2532
32,-27,0,0,2632
32,-28,0,0,2732
32,-29,0,0,2832
32,-30,0,0,2932
32,-31,0,0,3032
32,-32,0,0,3132
32,-33,0,0,3232
32,-34,0,0,3332
32,-35,0,0,3432
32,-36,0,0,3532
32,-37,0,0,3632
32,-38,0,0,3732
32,-39,0,0,3832
32,-40,0,0,3932
32,-41,0,0,4032
32,-42,0,0,4132
32,-43,0,0,4232
32,-44,0,0,4332
32,-45,0,0,4432
32,-46,0,0,4532
32,-47,0,0,4632
32,-48,0,0,4732
32,-49,0,0,4832
32,-50,0,0,4932
32,-51,0,0,5032
32,-52,0,0,5132
32,-53,0,0,5232
32,-54,0,0,5332
32,-55,0,0,5432
32,-56,0,0,5532
32,-57,0,0,5632
32,-58,0,0,5732
32,-59,0,0,5832
32,-60,0,0,5932
32,-61,0,0,6032
32,-62,0,0,6132
32,-63,0,0,6232
32,-64,0,0,6332
32,-65,0,0,6432
32,-66,0,0,6532
32,-67,0,0,6632
32,-68,0,0,6732
32,-69,0,0,6832
32,-70,0,0,6932
32,-71,0,0,7032
32,-72,0,0,7132
32,-73,0,0,7232
32,-74,0,0,7332
32,-75,0,0,7432
32,-76,0,0,7532
32,-77,0,0,7632
32,-78,0,0,7732
32,-79,0,0,7832
32,-80,0,0,7932
33,-21,0,0,2033
33,-22,0,0,2133
33,-23,0,0,2233
33,-24,0,0,2333
33,-25,0,0,2433
33,-26,0,0,2533
33,-27,0,0,2633
33,-28,0,0,2733
33,-29,0,0,2833
33,-30,0,0,2933
33,-31,0,0,3033
33,-32,0,0,3133
33,-33,0,0,3233
33,-34,0,0,3333
33,-35,0,0,3433
33,-36,0,0,3533
33,-37,0,0,3633
33,-38,0,0,3733
33,-39,0,0,3833
33,-40,0,0,3933
33,-41,0,0,4033
33,-42,0,0,4133
33,-43,0,0,4233
33,-44,0,0,4333
33,-45,0,0,4433
33,-46,0,0,4533
33,-47,0,0,4633
33,-48,0,0,4733
33,-49,0,0,4833
33,-50,0,0,4933
33,-51,0,0,5033
33,-52,0,0,5133
33,-53,0,0,5233
33,-54,0,0,5333
33,-55,0,0,5433
33,-56,0,0,5533
33,-57,0,0,5633
33,-58,0,0,5733
33,-59,0,0,5833
33,-60,0,0,5933
33,-61,0,0,6033
33,-62,0,0,6133
33,-63,0,0,6233
33,-64,0,0,6333
33,-65,0,0,6433
33,-66,0,0,6533
33,-67,0,0,6633
33,-68,0,0,6733
33,-69,0,0,6833
33,-70,0,0,6933
33,-71,0,0,7033
33,-72,0,0,7133
33,-73,0,0,7233
33,-74,0,0,7333
33,-75,0,0,7433
33,-76,0,0,7533
33,-77,0,0,7633
33,-78,0,0,7733
33,-79,0,0,7833
33,-80,0,0,7933
34,-21,0,0,2034
34,-22,0,0,2134
34,-23,0,0,2234
34,-24,0,0,2334
34,-25,0,0,2434
34,-26,0,0,2534
34,-27,0,0,2634
34,-28,0,0,2734
34,-29,0,0,2834
34,-30,0,0,2934
34,-31,0,0,3034
34,-32,0,0,3134
34,-33,0,0,3234
34,-34,0,0,3334
34,-35,0,0,3434
34,-36,0,0,3534
34,-37,0,0,3634
34,-38,0,0,3734
34,-39,0,0,3834
34,-40,0,0,3934
34,-41,0,0,4034
34,-42,0,0,4134
34,-43,0,0,4234
34,-44,0,0,4334
34,-45,0,0,4434
34,-46,0,0,4534
34,-47,0,0,4634
34,-48,0,0,4734
34,-49,0,0,4834
34,-50,0,0,4934
34,-51,0,0,5034
34,-52,0,0,5134
34,-53,0,0,5234
34,-54,0,0,5334
34,-55,0,0,5434
34,-56,0,0,5534
34,-57,0,0,5634
34,-58,0,0,5734
34,-59,0,0,5834
34,-60,0,0,5934
34,-61,0,0,6034
34,-62,0,0,6134
34,-63,0,0,6234
34,-64,0,0,6334
34,-65,0,0,6434
34,-66,0,0,6534
34,-67,0,0,6634
34,-68,0,0,6734
34,-69,0,0,6834
34,-70,0,0,6934
34,-71,0,0,7034
34,-72,0,0,7134
34,-73,0,0,7234
34,-74,0,0,7334
34,-75,0,0,7434
34,-76,0,0,7534
34,-77,0,0,7634
34,-78,0,0,7734
34,-79,0,0,7834
34,-80,0,0,7934
35,-21,0,0,2035
35,-22,0,0,2135
35,-23,0,0,2235
35,-24,0,0,2335
35,-25,0,0,2435
35,-26,0,0,2535
35,-27,0,0,2635
35,-28,0,0,2735
35,-29,0,0,2835
35,-30,0,0,2935
35,-31,0,0,3035
35,-32,0,0,3135
35,-33,0,0,3235
35,-34,0,0,3335
35,-35,0,0,3435
35,-36,0,0,3535
35,-37,0,0,3635
35,-38,0,0,3735
35,-39,0,0,3835
35,-40,0,0,3935
35,-41,0,0,4035
35,-42,0,0,4135
35,-43,0,0,4235
35,-44,0,0,4335
35,-45,0,0,4435
35,-46,0,0,4535
35,-47,0,0,4635
35,-48,0,0,4735
35,-49,0,0,4835
35,-50,0,0,4935
35,-51,0,0,5035
35,-52,0,0,5135
35,-53,0,0,5235
35,-54,0,0,5335
35,-55,0,0,5435
35,-56,0,0,5535
35,-57,0,0,5635
35,-58,0,0,5735
35,-59,0,0,5835
35,-60,0,0,5935
35,-61,0,0,6035
35,-62,0,0,6135
35,-63,0,0,6235
35,-64,0,0,6335
35,-65,0,0,6435
35,-66,0,0,6535
35,-67,0,0,6635
35,-68,0,0,6735
35,-69,0,0,6835
35,-70,0,0,6935
35,-71,0,0,7035
35,-72,0,0,7135
35,-73,0,0,7235
35,-74,0,0,7335
35,-75,0,0,7435
35,-76,0,0,7535
35,-77,0,0,7635
35,-78,0,0,7735
35,-79,0,0,7835
35,-80,0,0,7935
36,-21,0,0,2036
36,-22,0,0,2136
36,-23,0,0,2236
36,-24,0,0,2336
36,-25,0,0,2436
36,-26,0,0,2536
36,-27,0,0,2636
36,-28,0,0,2736
36,-29,0,0,2836
36,-30,0,0,2936
36,-31,0,0,3036
36,-32,0,0,3136
36,-33,0,0,3236
36,-34,0,0,3336
36,-35,0,0,3436
36,-36,0,0,3536
36,-37,0,0,3636
36,-38,0,0,3736
36,-39,0,0,3836
36,-40,0,0,3936
36,-41,0,0,4036
36,-42,0,0,4136
36,-43,0,0,4236
36,-44,0,0,4336
36,-45,0,0,4436
36,-46,0,0,4536
36,-47,0,0,4636
36,-48,0,0,4736
36,-49,0,0,4836
36,-50,0,0,4936
36,-51,0,0,5036
36,-52,0,0,5136
36,-53,0,0,5236
36,-54,0,0,5336
36,-55,0,0,5436
36,-56,0,0,5536
36,-57,0,0,5636
36,-58,0,0,5736
36,-59,0,0,5836
36,-60,0,0,5936
36,-61,0,0,6036
36,-62,0,0,6136
36,-63,0,0,6236
36,-64,0,0,6336
36,-65,0,0,6436
36,-66,0,0,6536
36,-67,0,0,6636
36,-68,0,0,6736
36,-69,0,0,6836
36,-70,0,0,6936
36,-71,0,0,7036
36,-72,0,0,7136
36,-73,0,0,7236
36,-74,0,0,7336
36,-75,0,0,7436
36,-76,0,0,7536
36,-77,0,0,7636
36,-78,0,0,7736
36,-79,0,0,7836
36,-80,0,0,7936
37,-21,0,0,2037
37,-22,0,0,2137
37,-23,0,0,2237
37,-24,0,0,2337
37,-25,0,0,2437
37,-26,0,0,2537
37,-27,0,0,2637
37,-28,0,0,2737
37,-29,0,0,2837
37,-30,0,0,2937
37,-31,0,0,3037
37,-32,0,0,3137
37,-33,0,0,3237
37,-34,0,0,3337
37,-35,0,0,3437
37,-36,0,0,3537
37,-37,0,0,3637
37,-38,0,0,3737
37,-39,0,0,3837
37,-40,0,0,3937
37,-41,0,0,4037
37,-42,0,0,4137
37,-43,0,0,4237
37,-44,0,0,4337
37,-45,0,0,4437
37,-46,0,0,4537
37,-47,0,0,4637
37,-48,0,0,4737
37,-49,0,0,4837
37,-50,0,0,4937
37,-51,0,0,5037
37,-52,0,0,5137
37,-53,0,0,5237
37,-54,0,0,5337
37,-55,0,0,5437
37,-56,0,0,5537
37,-57,0,0,5637
37,-58,0,0,5737
37,-59,0,0,5837
37,-60,0,0,5937
37,-61,0,0,6037
37,-62,0,0,6137
37,-63,0,0,6237
37,-64,0,0,6337
37,-65,0,0,6437
37,-66,0,0,6537
37,-67,0,0,6637
37,-68,0,0,6737
37,-69,0,0,6837
37,-70,0,0,6937
37,-71,0,0,7037
37,-72,0,0,7137
37,-73,0,0,7237
37,-74,0,0,7337
37,-75,0,0,7437
37,-76,0,0,7537
37,-77,0,0,7637
37,-78,0,0,7737
37,-79,0,0,7837
37,-80,0,0,7937
38,-21,0,0,2038
38,-22,0,0,2138
38,-23,0,0,2238
38,-24,0,0,2338
38,-25,0,0,2438
38,-26,0,0,2538
38,-27,0,0,2638
38,-28,0,0,2738
38,-29,0,0,2838
38,-30,0,0,2938
38,-31,0,0,3038
38,-32,0,0,3138
38,-33,0,0,3238
38,-34,0,0,3338
38,-35,0,0,3438
38,-36,0,0,3538
38,-37,0,0,3638
38,-38,0,0,3738
38,-39,0,0,3838
38,-40,0,0,3938
38,-41,0,0,4038
38,-42,0,0,4138
38,-43,0,0,4238
38,-44,0,0,4338
38,-45,0,0,4438
38,-46,0,0,4538
38,-47,0,0,4638
38,-48,0,0,4738
38,-49,0,0,4838
38,-50,0,0,4938
38,-51,0,0,5038
38,-52,0,0,5138
38,-53,0,0,5238
38,-54,0,0,5338
38,-55,0,0,5438
38,-56,0,0,5538
38,-57,0,0,5638
38,-58,0,0,5738
38,-59,0,0,5838
38,-60,0,0,5938
38,-61,0,0,6038
38,-62,0,0,6138
38,-63,0,0,6238
38,-64,0,0,6338
38,-65,0,0,6438
38,-66,0,0,6538
38,-67,0,0,6638
38,-68,0,0,6738
38,-69,0,0,6838
38,-70,0,0,6938
38,-71,0,0,7038
38,-72,0,0,7138
38,-73,0,0,7238
38,-74,0,0,7338
38,-75,0,0,7438
38,-76,0,0,7538
38,-77,0,0,7638
38,-78,0,0,7738
38,-79,0,0,7838
38,-80,0,0,7938
39,-21,0,0,2039
39,-22,0,0,2139
39,-23,0,0,2239
39,-24,0,0,2339
39,-25,0,0,2439
39,-26,0,0,2539
39,-27,0,0,2639
39,-28,0,0,2739
39,-29,0,0,2839
39,-30,0,0,2939
39,-31,0,0,3039
39,-32,0,0,3139
39,-33,0,0,3239
39,-34,0,0,3339
39,-35,0,0,3439
39,-36,0,0,3539
39,-37,0,0,3639
39,-38,0,0,3739
39,-39,0,0,3839
39,-40,0,0,3939
39,-41,0,0,4039
39,-42,0,0,4139
39,-43,0,0,4239
39,-44,0,0,4339
39,-45,0,0,4439
39,-46,0,0,4539
39,-47,0,0,4639
39,-48,0,0,4739
39,-49,0,0,4839
39,-50,0,0,4939
39,-51,0,0,5039
39,-52,0,0,5139
39,-53,0,0,5239
39,-54,0,0,5339
39,-55,0,0,5439
39,-56,0,0,5539
39,-57,0,0,5639
39,-58,0,0,5739
39,-59,0,0,5839
39,-60,0,0,5939
39,-61,0,0,6039
39,-62,0,0,6139
39,-63,0,0,6239
39,-64,0,0,6339
39,-65,0,0,6439
39,-66,0,0,6539
39,-67,0,0,6639
39,-68,0,0,6739
39,-69,0,0,6839
39,-70,0,0,6939
39,-71,0,0,7039
39,-72,0,0,7139
39,-73,0,0,7239
39,-74,0,0,7339
39,-75,0,0,7439
39,-76,0,0,7539
39,-77,0,0,7639
39,-78,0,0,7739
39,-79,0,0,7839
39,-80,0,0,7939
40,-21,0,0,2040
40,-22,0,0,2140
40,-23,0,0,2240
40,-24,0,0,2340
40,-25,0,0,2440
40,-26,0,0,2540
40,-27,0,0,2640
40,-28,0,0,2740
40,-29,0,0,2840
40,-30,0,0,2940
40,-31,0,0,3040
40,-32,0,0,3140
40,-33,0,0,3240
40,-34,0,0,3340
40,-35,0,0,3440
40,-36,0,0,3540
40,-37,0,0,3640
40,-38,0,0,3740
40,-39,0,0,3840
40,-40,0,0,3940
40,-41,0,0,4040
40,-42,0,0,4140
40,-43,0,0,4240
40,-44,0,0,4340
40,-45,0,0,4440
40,-46,0,0,4540
40,-47,0,0,4640
40,-48,0,0,4740
40,-49,0,0,4840
40,-50,0,0,4940
40,-51,0,0,5040
40,-52,0,0,5140
40,-53,0,0,5240
40,-54,0,0,5340
40,-55,0,0,5440
40,-56,0,0,5540
40,-57,0,0,5640
40,-58,0,0,5740
40,-59,0,0,5840
40,-60,0,0,5940
40,-61,0,0,6040
40,-62,0,0,6140
40,-63,0,0,6240
40,-64,0,0,6340
40,-65,0,0,6440
40,-66,0,0,6540
40,-67,0,0,6640
40,-68,0,0,6740
40,-69,0,0,6840
40,-70,0,0,6940
40,-71,0,0,7040
40,-72,0,0,7140
40,-73,0,0,7240
40,-74,0,0,7340
40,-75,0,0,7440
40,-76,0,0,7540
40,-77,0,0,7640
40,-78,0,0,7740
40,-79,0,0,7840
40,-80,0,0,7940
41,-21,0,0,2041
41,-22,0,0,2141
41,-23,0,0,2241
41,-24,0,0,2341
41,-25,0,0,2441
41,-26,0,0,2541
41,-27,0,0,2641
41,-28,0,0,2741
41,-29,0,0,2841
41,-30,0,0,2941
41,-31,0,0,3041
41,-32,0,0,3141
41,-33,0,0,3241
41,-34,0,0,3341
41,-35,0,0,3441
41,-36,0,0,3541
41,-37,0,0,3641
41,-38,0,0,3741
41,-39,0,0,3841
41,-40,0,0,3941
41,-41,0,0,4041
41,-42,0,0,4141
41,-43,0,0,4241
41,-44,0,0,4341
41,-45,0,0,4441
41,-46,0,0,4541
41,-47,0,0,4641
41,-48,0,0,4741
41,-49,0,0,4841
41,-50,0,0,4941
41,-51,0,0,5041
41,-52,0,0,5141
41,-53,0,0,5241
41,-54,0,0,5341
41,-55,0,0,5441
41,-56,0,0,5541
41,-57,0,0,5641
41,-58,0,0,5741
41,-59,0,0,5841
41,-60,0,0,5941
41,-61,0,0,6041
41,-62,0,0,6141
41,-63,0,0,6241
41,-64,0,0,6341
41,-65,0,0,6441
41,-66,0,0,6541
41,-67,0,0,6641
41,-68,0,0,6741
41,-69,0,0,6841
41,-70,0,0,6941
41,-71,0,0,7041
41,-72,0,0,7141
41,-73,0,0,7241
41,-74,0,0,7341
41,-75,0,0,7441
41,-76,0,0,7541
41,-77,0,0,7641
41,-78,0,0,7741
41,-79,0,0,7841
41,-80,0,0,7941
42,-21,0,0,2042
42,-22,0,0,2142
42,-23,0,0,2242
42,-24,0,0,2342
42,-25,0,0,2442
42,-26,0,0,2542
42,-27,0,0,2642
42,-28,0,0,2742
42,-29,0,0,2842
42,-30,0,0,2942
42,-31,0,0,3042
42,-32,0,0,3142
42,-33,0,0,3242
42,-34,0,0,3342
42,-35,0,0,3442
42,-36,0,0,3542
42,-37,0,0,3642
42,-38,0,0,3742
42,-39,0,0,3842
42,-40,0,0,3942
42,-41,0,0,4042
42,-42,0,0,4142
42,-43,0,0,4242
42,-44,0,0,4342
42,-45,0,0,4442
42,-46,0,0,4542
42,-47,0,0,4642
42,-48,0,0,4742
42,-49,0,0,4842
42,-50,0,0,4942
42,-51,0,0,5042
42,-52,0,0,5142
42,-53,0,0,5242
42,-54,0,0,5342
42,-55,0,0,5442
42,-56,0,0,5542
42,-57,0,0,5642
42,-58,0,0,5742
42,-59,0,0,5842
42,-60,0,0,5942
42,-61,0,0,6042
42,-62,0,0,6142
42,-63,0,0,6242
42,-64,0,0,6342
42,-65,0,0,6442
42,-66,0,0,6542
42,-67,0,0,6642
42,-68,0,0,6742
42,-69,0,0,6842
42,-70,0,0,6942
42,-71,0,0,7042
42,-72,0,0,7142
42,-73,0,0,7242
42,-74,0,0,7342
42,-75,0,0,7442
42,-76,0,0,7542
42,-77,0,0,7642
42,-78,0,0,7742
42,-79,0,0,7842
42,-80,0,0,7942
43,-21,0,0,2043
43,-22,0,0,2143
43,-23,0,0,2243
43,-24,0,0,2343
43,-25,0,0,2443
43,-26,0,0,2543
43,-27,0,0,2643
43,-28,0,0,2743
43,-29,0,0,2843
43,-30,0,0,2943
43,-31,0,0,3043
43,-32,0,0,3143
43,-33,0,0,3243
43,-34,0,0,3343
43,-35,0,0,3443
43,-36,0,0,3543
43,-37,0,0,3643
43,-38,0,0,3743
43,-39,0,0,3843
43,-40,0,0,3943
43,-41,0,0,4043
43,-42,0,0,4143
43,-43,0,0,4243
43,-44,0,0,4343
43,-45,0,0,4443
43,-46,0,0,4543
43,-47,0,0,4643
43,-48,0,0,4743
43,-49,0,0,4843
43,-50,8,8,4943
43,-51,7,7,5043
43,-52,6,6,5143
43,-53,0,0,5243
43,-54,0,0,5343
43,-55,0,0,5443
43,-56,0,0,5543
43,-57,0,0,5643
43,-58,0,0,5743
43,-59,0,0,5843
43,-60,0,0,5943
43,-61,0,0,6043
43,-62,0,0,6143
43,-63,0,0,6243
43,-64,0,0,6343
43,-65,0,0,6443
43,-66,0,0,6543
43,-67,0,0,6643
43,-68,0,0,6743
43,-69,0,0,6843
43,-70,0,0,6943
43,-71,0,0,7043
43,-72,0,0,7143
43,-73,0,0,7243
43,-74,0,0,7343
43,-75,0,0,7443
43,-76,0,0,7543
43,-77,0,0,7643
43,-78,0,0,7743
43,-79,0,0,7843
43,-80,0,0,7943
44,-21,0,0,2044
44,-22,0,0,2144
44,-23,0,0,2244
44,-24,0,0,2344
44,-25,0,0,2444
44,-26,0,0,2544
44,-27,0,0,2644
44,-28,0,0,2744
44,-29,0,0,2844
44,-30,0,0,2944
44,-31,0,0,3044
44,-32,0,0,3144
44,-33,0,0,3244
44,-34,0,0,3344
44,-35,0,0,3444
44,-36,0,0,3544
44,-37,0,0,3644
44,-38,0,0,3744
44,-39,0,0,3844
44,-40,0,0,3944
44,-41,0,0,4044
44,-42,0,0,4144
44,-43,0,0,4244
44,-44,0,0,4344
44,-45,0,0,4444
44,-46,0,0,4544
44,-47,0,0,4644
44,-48,0,0,4744
44,-49,0,0,4844
44,-50,7,7,4944
44,-51,5,5,5044
44,-52,6,6,5144
44,-53,5,5,5244
44,-54,0,0,5344
44,-55,0,0,5444
44,-56,0,0,5544
44,-57,0,0,5644
44,-58,0,0,5744
44,-59,0,0,5844
44,-60,0,0,5944
44,-61,0,0,6044
44,-62,0,0,6144
44,-63,0,0,6244
44,-64,0,0,6344
44,-65,0,0,6444
44,-66,0,0,6544
44,-67,0,0,6644
44,-68,0,0,6744
44,-69,0,0,6844
44,-70,0,0,6944
44,-71,0,0,7044
44,-72,0,0,7144
44,-73,0,0,7244
44,-74,0,0,7344
44,-75,0,0,7444
44,-76,0,0,7544
44,-77,0,0,7644
44,-78,0,0,7744
44,-79,0,0,7844
44,-80,0,0,7944
45,-21,0,0,2045
45,-22,0,0,2145
45,-23,0,0,2245
45,-24,0,0,2345
45,-25,0,0,2445
45,-26,0,0,2545
45,-27,0,0,2645
45,-28,0,0,2745
45,-29,0,0,2845
45,-30,0,0,2945
45,-31,0,0,3045
45,-32,0,0,3145
45,-33,0,0,3245
45,-34,0,0,3345
45,-35,0,0,3445
45,-36,0,0,3545
45,-37,0,0,3645
45,-38,0,0,3745
45,-39,0,0,3845
45,-40,0,0,3945
45,-41,0,0,4045
45,-42,0,0,4145
45,-43,0,0,4245
45,-44,0,0,4345
45,-45,0,0,4445
45,-46,0,0,4545
45,-47,0,0,4645
45,-48,0,0,4745
45,-49,0,0,4845
45,-50,6,6,4945
45,-51,5,5,5045
45,-52,7,7,5145
45,-53,5,5,5245
45,-54,6,6,5345
45,-55,6,6,5445
45,-56,8,8,5545
45,-57,7,7,5645
45,-58,6,6,5745
45,-59,0,0,5845
45,-60,0,0,5945
45,-61,0,0,6045
45,-62,0,0,6145
45,-63,0,0,6245
45,-64,0,0,6345
45,-65,0,0,6445
45,-66,0,0,6545
45,-67,0,0,6645
45,-68,0,0,6745
45,-69,0,0,6845
45,-70,0,0,6945
45,-71,0,0,7045
45,-72,0,0,7145
45,-73,0,0,7245
45,-74,0,0,7345
45,-75,0,0,7445
45,-76,0,0,7545
45,-77,0,0,7645
45,-78,0,0,7745
45,-79,0,0,7845
45,-80,0,0,7945
46,-21,0,0,2046
46,-22,0,0,2146
46,-23,0,0,2246
46,-24,0,0,2346
46,-25,0,0,2446
46,-26,0,0,2546
46,-27,0,0,2646
46,-28,0,0,2746
46,-29,0,0,2846
46,-30,0,0,2946
46,-31,0,0,3046
46,-32,0,0,3146
46,-33,0,0,3246
46,-34,0,0,3346
46,-35,0,0,3446
46,-36,0,0,3546
46,-37,0,0,3646
46,-38,0,0,3746
46,-39,0,0,3846
46,-40,0,0,3946
46,-41,0,0,4046
46,-42,0,0,4146
46,-43,0,0,4246
46,-44,0,0,4346
46,-45,0,0,4446
46,-46,0,0,4546
46,-47,0,0,4646
46,-48,0,0,4746
46,-49,0,0,4846
46,-50,6,6,4946
46,-51,6,6,5046
46,-52,5,5,5146
46,-53,6,6,5246
46,-54,5,5,5346
46,-55,7,7,5446
46,-56,6,6,5546
46,-57,7,7,5646
46,-58,6,6,5746
46,-59,0,0,5846
46,-60,1,1,5946
46,-61,0,0,6046
46,-62,0,0,6146
46,-63,0,0,6246
46,-64,0,0,6346
46,-65,0,0,6446
46,-66,0,0,6546
46,-67,0,0,6646
46,-68,0,0,6746
46,-69,0,0,6846
46,-70,0,0,6946
46,-71,0,0,7046
46,-72,0,0,7146
46,-73,0,0,7246
46,-74,0,0,7346
46,-75,0,0,7446
46,-76,0,0,7546
46,-77,0,0,7646
46,-78,0,0,7746
46,-79,0,0,7846
46,-80,0,0,7946
47,-21,0,0,2047
47,-22,0,0,2147
47,-23,0,0,2247
47,-24,0,0,2347
47,-25,0,0,2447
47,-26,0,0,2547
47,-27,0,0,2647
47,-28,0,0,2747
47,-29,0,0,2847
47,-30,0,0,2947
47,-31,0,0,3047
47,-32,0,0,3147
47,-33,0,0,3247
47,-34,0,0,3347
47,-35,0,0,3447
47,-36,0,0,3547
47,-37,0,0,3647
47,-38,0,0,3747
47,-39,0,0,3847
47,-40,0,0,3947
47,-41,0,0,4047
47,-42,0,0,4147
47,-43,0,0,4247
47,-44,0,0,4347
47,-45,0,0,4447
47,-46,0,0,4547
47,-47,0,0,4647
47,-48,0,0,4747
47,-49,0,0,4847
47,-50,7,7,4947
47,-51,8,8,5047
47,-52,8,8,5147
47,-53,7,7,5247
47,-54,5,5,5347
47,-55,6,6,5447
47,-56,8,5,5547
47,-57,5,4,5647
47,-58,1,1,5747
47,-59,0,0,5847
47,-60,1,1,5947
47,-61,0,0,6047
47,-62,0,0,6147
47,-63,0,0,6247
47,-64,0,0,6347
47,-65,0,0,6447
47,-66,0,0,6547
47,-67,0,0,6647
47,-68,0,0,6747
47,-69,0,0,6847
47,-70,0,0,6947
47,-71,0,0,7047
47,-72,0,0,7147
47,-73,0,0,7247
47,-74,0,0,7347
47,-75,0,0,7447
47,-76,0,0,7547
47,-77,0,0,7647
47,-78,0,0,7747
47,-79,0,0,7847
47,-80,0,0,7947
48,-21,0,0,2048
48,-22,0,0,2148
48,-23,0,0,2248
48,-24,0,0,2348
48,-25,0,0,2448
48,-26,0,0,2548
48,-27,0,0,2648
48,-28,0,0,2748
48,-29,0,0,2848
48,-30,0,0,2948
48,-31,0,0,3048
48,-32,0,0,3148
48,-33,0,0,3248
48,-34,0,0,3348
48,-35,0,0,3448
48,-36,0,0,3548
48,-37,0,0,3648
48,-38,1,1,3748
48,-39,6,6,3848
48,-40,7,7,3948
48,-41,1,1,4048
48,-42,0,0,4148
48,-43,0,0,4248
48,-44,0,0,4348
48,-45,0,0,4448
48,-46,0,0,4548
48,-47,0,0,4648
48,-48,0,0,4748
48,-49,0,0,4848
48,-50,6,6,4948
48,-51,7,7,5048
48,-52,6,6,5148
48,-53,8,8,5248
48,-54,5,5,5348
48,-55,6,6,5448
48,-56,7,7,5548
48,-57,3,3,5648
48,-58,1,1,5748
48,-59,0,0,5848
48,-60,1,1,5948
48,-61,0,0,6048
48,-62,0,0,6148
48,-63,0,0,6248
48,-64,0,0,6348
48,-65,0,0,6448
48,-66,0,0,6548
48,-67,0,0,6648
48,-68,0,0,6748
48,-69,0,0,6848
48,-70,0,0,6948
48,-71,0,0,7048
48,-72,0,0,7148
48,-73,0,0,7248
48,-74,0,0,7348
48,-75,0,0,7448
48,-76,0,0,7548
48,-77,0,0,7648
48,-78,0,0,7748
48,-79,0,0,7848
48,-80,0,0,7948
49,-21,0,0,2049
49,-22,0,0,2149
49,-23,0,0,2249
49,-24,0,0,2349
49,-25,0,0,2449
49,-26,0,0,2549
49,-27,0,0,2649
49,-28,0,0,2749
49,-29,0,0,2849
49,-30,0,0,2949
49,-31,0,0,3049
49,-32,0,0,3149
49,-33,0,0,3249
49,-34,0,0,3349
49,-35,0,0,3449
49,-36,0,0,3549
49,-37,0,0,3649
49,-38,1,1,3749
49,-39,6,6,3849
49,-40,6,6,3949
49,-41,6,6,4049
49,-42,7,7,4149
49,-43,5,5,4249
49,-44,1,1,4349
49,-45,0,0,4449
49,-46,0,0,4549
49,-47,0,0,4649
49,-48,10,9,4749
49,-49,0,0,4849
49,-50,5,5,4949
49,-51,6,6,5049
49,-52,6,6,5149
49,-53,9,9,5249
49,-54,7,7,5349
49,-55,2,2,5449
49,-56,2,2,5549
49,-57,2,2,5649
49,-58,2,2,5749
49,-59,0,0,5849
49,-60,1,1,5949
49,-61,0,0,6049
49,-62,0,0,6149
49,-63,0,0,6249
49,-64,0,0,6349
49,-65,0,0,6449
49,-66,0,0,6549
49,-67,0,0,6649
49,-68,0,0,6749
49,-69,0,0,6849
49,-70,0,0,6949
49,-71,0,0,7049
49,-72,0,0,7149
49,-73,0,0,7249
49,-74,0,0,7349
49,-75,0,0,7449
49,-76,0,0,7549
49,-77,0,0,7649
49,-78,0,0,7749
49,-79,0,0,7849
49,-80,0,0,7949
50,-21,0,0,2050
50,-22,0,0,2150
50,-23,0,0,2250
50,-24,0,0,2350
50,-25,0,0,2450
50,-26,0,0,2550
50,-27,0,0,2650
50,-28,0,0,2750
50,-29,0,0,2850
50,-30,0,0,2950
50,-31,0,0,3050
50,-32,0,0,3150
50,-33,0,0,3250
50,-34,0,0,3350
50,-35,0,0,3450
50,-36,0,0,3550
50,-37,0,0,3650
50,-38,4,4,3750
50,-39,8,8,3850
50,-40,8,7,3950
50,-41,7,7,4050
50,-42,6,6,4150
50,-43,8,8,4250
50,-44,7,7,4350
50,-45,1,1,4450
50,-46,0,0,4550
50,-47,8,8,4650
50,-48,7,6,4750
50,-49,10,9,4850
50,-50,6,6,4950
50,-51,6,6,5050
50,-52,6,6,5150
50,-53,7,7,5250
50,-54,7,7,5350
50,-55,2,2,5450
50,-56,2,2,5550
50,-57,5,5,5650
50,-58,5,5,5750
50,-59,0,0,5850
50,-60,0,0,5950
50,-61,0,0,6050
50,-62,0,0,6150
50,-63,0,0,6250
50,-64,0,0,6350
50,-65,0,0,6450
50,-66,0,0,6550
50,-67,0,0,6650
50,-68,0,0,6750
50,-69,0,0,6850
50,-70,0,0,6950
50,-71,0,0,7050
50,-72,0,0,7150
50,-73,0,0,7250
50,-74,0,0,7350
50,-75,0,0,7450
50,-76,0,0,7550
50,-77,0,0,7650
50,-78,0,0,7750
50,-79,0,0,7850
50,-80,0,0,7950
51,-21,0,0,2051
51,-22,0,0,2151
51,-23,0,0,2251
51,-24,0,0,2351
51,-25,0,0,2451
51,-26,0,0,2551
51,-27,0,0,2651
51,-28,0,0,2751
51,-29,0,0,2851
51,-30,0,0,2951
51,-31,0,0,3051
51,-32,0,0,3151
51,-33,0,0,3251
51,-34,0,0,3351
51,-35,0,0,3451
51,-36,0,0,3551
51,-37,0,0,3651
51,-38,5,5,3751
51,-39,8,8,3851
51,-40,10,10,3951
51,-41,6,6,4051
51,-42,8,8,4151
51,-43,6,5,4251
51,-44,7,7,4351
51,-45,8,8,4451
51,-46,10,10,4551
51,-47,9,9,4651
51,-48,9,8,4751
51,-49,7,7,4851
51,-50,6,6,4951
51,-51,7,7,5051
51,-52,4,4,5151
51,-53,4,4,5251
51,-54,9,9,5351
51,-55,5,5,5451
51,-56,7,7,5551
51,-57,5,5,5651
51,-58,4,4,5751
51,-59,4,4,5851
51,-60,5,5,5951
51,-61,6,6,6051
51,-62,0,0,6151
51,-63,0,0,6251
51,-64,0,0,6351
51,-65,0,0,6451
51,-66,0,0,6551
51,-67,0,0,6651
51,-68,0,0,6751
51,-69,0,0,6851
51,-70,0,0,6951
51,-71,0,0,7051
51,-72,0,0,7151
51,-73,0,0,7251
51,-74,0,0,7351
51,-75,0,0,7451
51,-76,0,0,7551
51,-77,0,0,7651
51,-78,0,0,7751
51,-79,0,0,7851
51,-80,0,0,7951
52,-21,0,0,2052
52,-22,0,0,2152
52,-23,0,0,2252
52,-24,0,0,2352
52,-25,0,0,2452
52,-26,0,0,2552
52,-27,0,0,2652
52,-28,0,0,2752
52,-29,0,0,2852
52,-30,0,0,2952
52,-31,0,0,3052
52,-32,0,0,3152
52,-33,0,0,3252
52,-34,0,0,3352
52,-35,0,0,3452
52,-36,6,6,3552
52,-37,5,5,3652
52,-38,7,7,3752
52,-39,8,8,3852
52,-40,9,9,3952
52,-41,8,8,4052
52,-42,9,9,4152
52,-43,9,9,4252
52,-44,13,12,4352
52,-45,9,9,4452
52,-46,9,9,4552
52,-47,12,12,4652
52,-48,9,9,4752
52,-49,8,8,4852
52,-50,5,5,4952
52,-51,8,8,5052
52,-52,5,5,5152
52,-53,6,6,5252
52,-54,7,7,5352
52,-55,8,8,5452
52,-56,5,5,5552
52,-57,6,6,5652
52,-58,5,5,5752
52,-59,4,4,5852
52,-60,4,4,5952
52,-61,4,4,6052
52,-62,3,3,6152
52,-63,0,0,6252
52,-64,0,0,6352
52,-65,0,0,6452
52,-66,0,0,6552
52,-67,0,0,6652
52,-68,0,0,6752
52,-69,0,0,6852
52,-70,0,0,6952
52,-71,0,0,7052
52,-72,0,0,7152
52,-73,0,0,7252
52,-74,0,0,7352
52,-75,0,0,7452
52,-76,0,0,7552
52,-77,0,0,7652
52,-78,0,0,7752
52,-79,0,0,7852
52,-80,0,0,7952
53,-21,0,0,2053
53,-22,0,0,2153
53,-23,0,0,2253
53,-24,0,0,2353
53,-25,0,0,2453
53,-26,0,0,2553
53,-27,0,0,2653
53,-28,0,0,2753
53,-29,0,0,2853
53,-30,0,0,2953
53,-31,0,0,3053
53,-32,0,0,3153
53,-33,0,0,3253
53,-34,0,0,3353
53,-35,0,0,3453
53,-36,5,5,3553
53,-37,8,8,3653
53,-38,6,6,3753
53,-39,9,9,3853
53,-40,8,8,3953
53,-41,8,8,4053
53,-42,7,7,4153
53,-43,7,7,4253
53,-44,7,7,4353
53,-45,12,12,4453
53,-46,9,9,4553
53,-47,10,10,4653
53,-48,9,8,4753
53,-49,8,8,4853
53,-50,7,7,4953
53,-51,6,6,5053
53,-52,6,6,5153
53,-53,5,5,5253
53,-54,6,6,5353
53,-55,7,7,5453
53,-56,5,5,5553
53,-57,6,6,5653
53,-58,4,4,5753
53,-59,3,3,5853
53,-60,6,6,5953
53,-61,5,5,6053
53,-62,4,4,6153
53,-63,5,5,6253
53,-64,3,3,6353
53,-65,0,0,6453
53,-66,0,0,6553
53,-67,0,0,6653
53,-68,0,0,6753
53,-69,0,0,6853
53,-70,0,0,6953
53,-71,0,0,7053
53,-72,0,0,7153
53,-73,0,0,7253
53,-74,0,0,7353
53,-75,0,0,7453
53,-76,0,0,7553
53,-77,0,0,7653
53,-78,0,0,7753
53,-79,0,0,7853
53,-80,0,0,7953
54,-21,0,0,2054
54,-22,0,0,2154
54,-23,0,0,2254
54,-24,0,0,2354
54,-25,0,0,2454
54,-26,0,0,2554
54,-27,0,0,2654
54,-28,0,0,2754
54,-29,0,0,2854
54,-30,0,0,2954
54,-31,0,0,3054
54,-32,0,0,3154
54,-33,0,0,3254
54,-34,0,0,3354
54,-35,0,0,3454
54,-36,5,5,3554
54,-37,8,8,3654
54,-38,6,6,3754
54,-39,9,7,3854
54,-40,9,9,3954
54,-41,8,8,4054
54,-42,8,8,4154
54,-43,9,8,4254
54,-44,9,9,4354
54,-45,10,10,4454
54,-46,9,9,4554
54,-47,8,8,4654
54,-48,8,8,4754
54,-49,7,7,4854
54,-50,9,9,4954
54,-51,10,10,5054
54,-52,6,6,5154
54,-53,6,6,5254
54,-54,7,7,5354
54,-55,6,6,5454
54,-56,6,6,5554
54,-57,5,5,5654
54,-58,5,5,5754
54,-59,5,5,5854
54,-60,5,5,5954
54,-61,5,5,6054
54,-62,4,4,6154
54,-63,5,5,6254
54,-64,4,4,6354
54,-65,3,3,6454
54,-66,0,0,6554
54,-67,0,0,6654
54,-68,0,0,6754
54,-69,0,0,6854
54,-70,0,0,6954
54,-71,0,0,7054
54,-72,0,0,7154
54,-73,0,0,7254
54,-74,0,0,7354
54,-75,0,0,7454
54,-76,0,0,7554
54,-77,0,0,7654
54,-78,0,0,7754
54,-79,0,0,7854
54,-80,0,0,7954
55,-21,0,0,2055
55,-22,0,0,2155
55,-23,0,0,2255
55,-24,0,0,2355
55,-25,0,0,2455
55,-26,0,0,2555
55,-27,0,0,2655
55,-28,0,0,2755
55,-29,0,0,2855
55,-30,0,0,2955
55,-31,0,0,3055
55,-32,0,0,3155
55,-33,0,0,3255
55,-34,0,0,3355
55,-35,0,0,3455
55,-36,0,0,3555
55,-37,5,5,3655
55,-38,6,6,3755
55,-39,10,7,3855
55,-40,9,6,3955
55,-41,7,7,4055
55,-42,7,7,4155
55,-43,8,8,4255
55,-44,8,8,4355
55,-45,11,11,4455
55,-46,9,9,4555
55,-47,9,9,4655
55,-48,9,8,4755
55,-49,8,8,4855
55,-50,6,6,4955
55,-51,7,7,5055
55,-52,6,6,5155
55,-53,7,7,5255
55,-54,7,7,5355
55,-55,5,5,5455
55,-56,4,4,5555
55,-57,8,8,5655
55,-58,5,5,5755
55,-59,6,5,5855
55,-60,6,6,5955
55,-61,5,5,6055
55,-62,3,3,6155
55,-63,3,3,6255
55,-64,4,4,6355
55,-65,4,4,6455
55,-66,3,3,6555
55,-67,0,0,6655
55,-68,4,0,6755
55,-69,0,0,6855
55,-70,0,0,6955
55,-71,0,0,7055
55,-72,0,0,7155
55,-73,0,0,7255
55,-74,0,0,7355
55,-75,0,0,7455
55,-76,0,0,7555
55,-77,0,0,7655
55,-78,0,0,7755
55,-79,0,0,7855
55,-80,0,0,7955
56,-21,0,0,2056
56,-22,0,0,2156
56,-23,0,0,2256
56,-24,0,0,2356
56,-25,0,0,2456
56,-26,0,0,2556
56,-27,0,0,2656
56,-28,0,0,2756
56,-29,0,0,2856
56,-30,0,0,2956
56,-31,0,0,3056
56,-32,0,0,3156
56,-33,0,0,3256
56,-34,0,0,3356
56,-35,0,0,3456
56,-36,0,0,3556
56,-37,0,0,3656
56,-38,7,7,3756
56,-39,10,10,3856
56,-40,11,10,3956
56,-41,8,8,4056
56,-42,8,8,4156
56,-43,7,7,4256
56,-44,10,10,4356
56,-45,10,10,4456
56,-46,9,9,4556
56,-47,14,12,4656
56,-48,12,12,4756
56,-49,10,9,4856
56,-50,7,7,4956
56,-51,6,6,5056
56,-52,6,6,5156
56,-53,8,8,5256
56,-54,7,7,5356
56,-55,5,5,5456
56,-56,5,5,5556
56,-57,6,6,5656
56,-58,6,6,5756
56,-59,5,5,5856
56,-60,4,4,5956
56,-61,5,5,6056
56,-62,4,4,6156
56,-63,5,5,6256
56,-64,4,4,6356
56,-65,4,4,6456
56,-66,4,4,6556
56,-67,4,4,6656
56,-68,3,2,6756
56,-69,2,2,6856
56,-70,0,0,6956
56,-71,0,0,7056
56,-72,0,0,7156
56,-73,0,0,7256
56,-74,0,0,7356
56,-75,0,0,7456
56,-76,0,0,7556
56,-77,0,0,7656
56,-78,0,0,7756
56,-79,0,0,7856
56,-80,0,0,7956
57,-21,0,0,2057
57,-22,0,0,2157
57,-23,0,0,2257
57,-24,0,0,2357
57,-25,0,0,2457
57,-26,0,0,2557
57,-27,0,0,2657
57,-28,0,0,2757
57,-29,0,0,2857
57,-30,0,0,2957
57,-31,0,0,3057
57,-32,0,0,3157
57,-33,0,0,3257
57,-34,0,0,3357
57,-35,0,0,3457
57,-36,0,0,3557
57,-37,0,0,3657
57,-38,6,6,3757
57,-39,6,6,3857
57,-40,8,7,3957
57,-41,8,8,4057
57,-42,8,8,4157
57,-43,7,7,4257
57,-44,9,9,4357
57,-45,13,13,4457
57,-46,9,9,4557
57,-47,13,13,4657
57,-48,14,14,4757
57,-49,10,8,4857
57,-50,8,8,4957
57,-51,7,7,5057
57,-52,6,6,5157
57,-53,8,8,5257
57,-54,3,3,5357
57,-55,6,6,5457
57,-56,4,4,5557
57,-57,5,5,5657
57,-58,6,6,5757
57,-59,5,5,5857
57,-60,6,6,5957
57,-61,4,4,6057
57,-62,4,4,6157
57,-63,3,3,6257
57,-64,5,5,6357
57,-65,4,4,6457
57,-66,4,4,6557
57,-67,5,5,6657
57,-68,4,4,6757
57,-69,3,3,6857
57,-70,3,3,6957
57,-71,0,0,7057
57,-72,0,0,7157
57,-73,0,0,7257
57,-74,0,0,7357
57,-75,0,0,7457
57,-76,0,0,7557
57,-77,0,0,7657
57,-78,0,0,7757
57,-79,0,0,7857
57,-80,0,0,7957
58,-21,0,0,2058
58,-22,0,0,2158
58,-23,0,0,2258
58,-24,0,0,2358
58,-25,0,0,2458
58,-26,0,0,2558
58,-27,0,0,2658
58,-28,0,0,2758
58,-29,0,0,2858
58,-30,0,0,2958
58,-31,0,0,3058
58,-32,0,0,3158
58,-33,0,0,3258
58,-34,0,0,3358
58,-35,0,0,3458
58,-36,0,0,3558
58,-37,0,0,3658
58,-38,0,0,3758
58,-39,7,7,3858
58,-40,6,6,3958
58,-41,6,6,4058
58,-42,7,7,4158
58,-43,9,9,4258
58,-44,8,8,4358
58,-45,7,7,4458
58,-46,8,7,4558
58,-47,11,10,4658
58,-48,11,11,4758
58,-49,9,9,4858
58,-50,7,7,4958
58,-51,5,5,5058
58,-52,4,4,5158
58,-53,4,4,5258
58,-54,4,4,5358
58,-55,6,6,5458
58,-56,5,5,5558
58,-57,5,5,5658
58,-58,6,5,5758
58,-59,6,5,5858
58,-60,6,6,5958
58,-61,5,5,6058
58,-62,5,5,6158
58,-63,5,5,6258
58,-64,4,4,6358
58,-65,4,3,6458
58,-66,3,3,6558
58,-67,4,4,6658
58,-68,5,5,6758
58,-69,4,4,6858
58,-70,2,2,6958
58,-71,0,0,7058
58,-72,0,0,7158
58,-73,0,0,7258
58,-74,0,0,7358
58,-75,0,0,7458
58,-76,0,0,7558
58,-77,0,0,7658
58,-78,0,0,7758
58,-79,0,0,7858
58,-80,0,0,7958
59,-21,0,0,2059
59,-22,0,0,2159
59,-23,0,0,2259
59,-24,0,0,2359
59,-25,0,0,2459
59,-26,0,0,2559
59,-27,0,0,2659
59,-28,0,0,2759
59,-29,0,0,2859
59,-30,0,0,2959
59,-31,0,0,3059
59,-32,0,0,3159
59,-33,0,0,3259
59,-34,0,0,3359
59,-35,0,0,3459
59,-36,0,0,3559
59,-37,0,0,3659
59,-38,0,0,3759
59,-39,7,7,3859
59,-40,8,8,3959
59,-41,9,9,4059
59,-42,9,9,4159
59,-43,9,9,4259
59,-44,9,9,4359
59,-45,9,8,4459
59,-46,6,6,4559
59,-47,6,6,4659
59,-48,6,6,4759
59,-49,8,7,4859
59,-50,13,13,4959
59,-51,4,4,5059
59,-52,4,4,5159
59,-53,4,3,5259
59,-54,5,5,5359
59,-55,7,7,5459
59,-56,5,5,5559
59,-57,6,6,5659
59,-58,7,7,5759
59,-59,5,4,5859
59,-60,6,6,5959
59,-61,4,4,6059
59,-62,4,4,6159
59,-63,5,5,6259
59,-64,4,3,6359
59,-65,5,5,6459
59,-66,4,4,6559
59,-67,4,4,6659
59,-68,4,4,6759
59,-69,4,4,6859
59,-70,4,4,6959
59,-71,0,0,7059
59,-72,0,0,7159
59,-73,0,0,7259
59,-74,0,0,7359
59,-75,0,0,7459
59,-76,0,0,7559
59,-77,0,0,7659
59,-78,0,0,7759
59,-79,0,0,7859
59,-80,0,0,7959
60,-21,0,0,2060
60,-22,0,0,2160
60,-23,0,0,2260
60,-24,0,0,2360
60,-25,0,0,2460
60,-26,0,0,2560
60,-27,0,0,2660
60,-28,0,0,2760
60,-29,0,0,2860
60,-30,0,0,2960
60,-31,0,0,3060
60,-32,1,1,3160
60,-33,0,0,3260
60,-34,0,0,3360
60,-35,0,0,3460
60,-36,0,0,3560
60,-37,0,0,3660
60,-38,0,0,3760
60,-39,0,0,3860
60,-40,2,2,3960
60,-41,10,9,4060
60,-42,8,8,4160
60,-43,9,7,4260
60,-44,9,9,4360
60,-45,6,6,4460
60,-46,7,7,4560
60,-47,6,6,4660
60,-48,8,8,4760
60,-49,7,7,4860
60,-50,6,5,4960
60,-51,6,6,5060
60,-52,6,6,5160
60,-53,6,5,5260
60,-54,5,5,5360
60,-55,5,5,5460
60,-56,5,3,5560
60,-57,6,6,5660
60,-58,6,6,5760
60,-59,5,5,5860
60,-60,6,6,5960
60,-61,4,4,6060
60,-62,4,4,6160
60,-63,6,6,6260
60,-64,4,4,6360
60,-65,4,4,6460
60,-66,5,5,6560
60,-67,4,4,6660
60,-68,5,5,6760
60,-69,4,4,6860
60,-70,4,4,6960
60,-71,0,0,7060
60,-72,0,0,7160
60,-73,0,0,7260
60,-74,0,0,7360
60,-75,0,0,7460
60,-76,0,0,7560
60,-77,0,0,7660
60,-78,0,0,7760
60,-79,0,0,7860
60,-80,0,0,7960
61,-21,0,0,2061
61,-22,0,0,2161
61,-23,0,0,2261
61,-24,0,0,2361
61,-25,0,0,2461
61,-26,0,0,2561
61,-27,0,0,2661
61,-28,0,0,2761
61,-29,0,0,2861
61,-30,0,0,2961
61,-31,0,0,3061
61,-32,1,1,3161
61,-33,1,1,3261
61,-34,0,0,3361
61,-35,0,0,3461
61,-36,1,1,3561
61,-37,0,0,3661
61,-38,0,0,3761
61,-39,0,0,3861
61,-40,0,0,3961
61,-41,8,7,4061
61,-42,8,8,4161
61,-43,7,6,4261
61,-44,8,8,4361
61,-45,7,7,4461
61,-46,5,5,4561
61,-47,6,6,4661
61,-48,7,7,4761
61,-49,7,7,4861
61,-50,5,5,4961
61,-51,4,4,5061
61,-52,5,5,5161
61,-53,6,5,5261
61,-54,6,6,5361
61,-55,7,7,5461
61,-56,4,4,5561
61,-57,6,6,5661
61,-58,5,5,5761
61,-59,7,7,5861
61,-60,6,6,5961
61,-61,6,6,6061
61,-62,5,5,6161
61,-63,6,6,6261
61,-64,6,6,6361
61,-65,6,5,6461
61,-66,6,6,6561
61,-67,5,5,6661
61,-68,4,4,6761
61,-69,4,4,6861
61,-70,4,4,6961
61,-71,4,4,7061
61,-72,0,0,7161
61,-73,0,0,7261
61,-74,0,0,7361
61,-75,0,0,7461
61,-76,0,0,7561
61,-77,0,0,7661
61,-78,0,0,7761
61,-79,0,0,7861
61,-80,0,0,7961
62,-21,0,0,2062
62,-22,0,0,2162
62,-23,0,0,2262
62,-24,0,0,2362
62,-25,0,0,2462
62,-26,0,0,2562
62,-27,0,0,2662
62,-28,0,0,2762
62,-29,0,0,2862
62,-30,1,1,2962
62,-31,1,1,3062
62,-32,1,1,3162
62,-33,1,1,3262
62,-34,1,1,3362
62,-35,2,2,3462
62,-36,2,2,3562
62,-37,1,1,3662
62,-38,1,1,3762
62,-39,2,2,3862
62,-40,7,0,3962
62,-41,10,9,4062
62,-42,5,5,4162
62,-43,8,8,4262
62,-44,6,5,4362
62,-45,6,6,4462
62,-46,5,4,4562
62,-47,5,5,4662
62,-48,5,5,4762
62,-49,5,5,4862
62,-50,3,3,4962
62,-51,6,6,5062
62,-52,4,4,5162
62,-53,4,4,5262
62,-54,4,4,5362
62,-55,6,6,5462
62,-56,6,6,5562
62,-57,5,5,5662
62,-58,7,7,5762
62,-59,6,6,5862
62,-60,7,7,5962
62,-61,7,5,6062
62,-62,6,6,6162
62,-63,6,5,6262
62,-64,5,5,6362
62,-65,5,5,6462
62,-66,6,6,6562
62,-67,5,5,6662
62,-68,2,2,6762
62,-69,2,2,6862
62,-70,3,3,6962
62,-71,4,4,7062
62,-72,4,4,7162
62,-73,2,2,7262
62,-74,0,0,7362
62,-75,0,0,7462
62,-76,0,0,7562
62,-77,0,0,7662
62,-78,0,0,7762
62,-79,0,0,7862
62,-80,0,0,7962
63,-21,0,0,2063
63,-22,0,0,2163
63,-23,0,0,2263
63,-24,0,0,2363
63,-25,0,0,2463
63,-26,0,0,2563
63,-27,0,0,2663
63,-28,0,0,2763
63,-29,0,0,2863
63,-30,1,1,2963
63,-31,1,1,3063
63,-32,1,1,3163
63,-33,1,1,3263
63,-34,1,1,3363
63,-35,2,2,3463
63,-36,2,2,3563
63,-37,2,2,3663
63,-38,1,1,3763
63,-39,2,2,3863
63,-40,5,0,3963
63,-41,11,11,4063
63,-42,6,6,4163
63,-43,7,7,4263
63,-44,7,7,4363
63,-45,7,7,4463
63,-46,5,5,4563
63,-47,7,7,4663
63,-48,5,5,4763
63,-49,7,7,4863
63,-50,3,3,4963
63,-51,5,5,5063
63,-52,3,3,5163
63,-53,5,5,5263
63,-54,4,4,5363
63,-55,7,7,5463
63,-56,6,6,5563
63,-57,4,4,5663
63,-58,5,5,5763
63,-59,7,7,5863
63,-60,7,7,5963
63,-61,6,0,6063
63,-62,4,4,6163
63,-63,3,3,6263
63,-64,6,6,6363
63,-65,5,5,6463
63,-66,6,6,6563
63,-67,4,3,6663
63,-68,3,3,6763
63,-69,3,3,6863
63,-70,3,3,6963
63,-71,2,2,7063
63,-72,2,2,7163
63,-73,1,1,7263
63,-74,1,1,7363
63,-75,1,1,7463
63,-76,1,1,7563
63,-77,0,0,7663
63,-78,1,1,7763
63,-79,2,1,7863
63,-80,0,0,7963
64,-21,0,0,2064
64,-22,0,0,2164
64,-23,0,0,2264
64,-24,0,0,2364
64,-25,0,0,2464
64,-26,0,0,2564
64,-27,0,0,2664
64,-28,0,0,2764
64,-29,0,0,2864
64,-30,1,1,2964
64,-31,2,2,3064
64,-32,2,2,3164
64,-33,1,1,3264
64,-34,3,3,3364
64,-35,2,2,3464
64,-36,2,2,3564
64,-37,1,1,3664
64,-38,0,0,3764
64,-39,3,3,3864
64,-40,7,7,3964
64,-41,5,5,4064
64,-42,4,4,4164
64,-43,7,7,4264
64,-44,9,9,4364
64,-45,6,6,4464
64,-46,4,4,4564
64,-47,6,6,4664
64,-48,5,5,4764
64,-49,5,5,4864
64,-50,5,5,4964
64,-51,4,4,5064
64,-52,3,3,5164
64,-53,4,4,5264
64,-54,3,3,5364
64,-55,6,6,5464
64,-56,5,5,5564
64,-57,5,5,5664
64,-58,6,6,5764
64,-59,6,6,5864
64,-60,6,6,5964
64,-61,6,5,6064
64,-62,6,6,6164
64,-63,4,3,6264
64,-64,3,3,6364
64,-65,3,3,6464
64,-66,4,4,6564
64,-67,3,3,6664
64,-68,3,3,6764
64,-69,3,3,6864
64,-70,4,3,6964
64,-71,1,1,7064
64,-72,2,2,7164
64,-73,1,1,7264
64,-74,0,0,7364
64,-75,0,0,7464
64,-76,0,0,7564
64,-77,0,0,7664
64,-78,0,0,7764
64,-79,0,0,7864
64,-80,0,0,7964
65,-21,0,0,2065
65,-22,0,0,2165
65,-23,0,0,2265
65,-24,0,0,2365
65,-25,0,0,2465
65,-26,0,0,2565
65,-27,0,0,2665
65,-28,0,0,2765
65,-29,0,0,2865
65,-30,1,1,2965
65,-31,1,1,3065
65,-32,3,3,3165
65,-33,2,2,3265
65,-34,2,2,3365
65,-35,1,1,3465
65,-36,0,0,3565
65,-37,1,1,3665
65,-38,0,0,3765
65,-39,5,5,3865
65,-40,6,3,3965
65,-41,5,5,4065
65,-42,5,5,4165
65,-43,9,8,4265
65,-44,7,7,4365
65,-45,8,8,4465
65,-46,5,5,4565
65,-47,6,6,4665
65,-48,5,5,4765
65,-49,6,6,4865
65,-50,5,5,4965
65,-51,6,6,5065
65,-52,5,4,5165
65,-53,4,4,5265
65,-54,3,3,5365
65,-55,5,5,5465
65,-56,5,5,5565
65,-57,5,5,5665
65,-58,5,5,5765
65,-59,7,7,5865
65,-60,7,7,5965
65,-61,7,7,6065
65,-62,6,6,6165
65,-63,4,4,6265
65,-64,4,4,6365
65,-65,3,3,6465
65,-66,2,1,6565
65,-67,3,3,6665
65,-68,2,2,6765
65,-69,0,0,6865
65,-70,0,0,6965
65,-71,0,0,7065
65,-72,0,0,7165
65,-73,0,0,7265
65,-74,0,0,7365
65,-75,0,0,7465
65,-76,0,0,7565
65,-77,0,0,7665
65,-78,0,0,7765
65,-79,0,0,7865
65,-80,0,0,7965
66,-21,0,0,2066
66,-22,0,0,2166
66,-23,0,0,2266
66,-24,0,0,2366
66,-25,0,0,2466
66,-26,0,0,2566
66,-27,0,0,2666
66,-28,0,0,2766
66,-29,0,0,2866
66,-30,2,2,2966
66,-31,3,3,3066
66,-32,4,4,3166
66,-33,0,0,3266
66,-34,2,2,3366
66,-35,2,2,3466
66,-36,1,1,3566
66,-37,1,1,3666
66,-38,2,2,3766
66,-39,4,4,3866
66,-40,3,3,3966
66,-41,5,5,4066
66,-42,7,6,4166
66,-43,8,8,4266
66,-44,6,6,4366
66,-45,4,4,4466
66,-46,6,6,4566
66,-47,4,4,4666
66,-48,4,4,4766
66,-49,6,6,4866
66,-50,4,4,4966
66,-51,5,5,5066
66,-52,4,4,5166
66,-53,4,4,5266
66,-54,4,4,5366
66,-55,5,5,5466
66,-56,5,5,5566
66,-57,6,5,5666
66,-58,7,7,5766
66,-59,7,7,5866
66,-60,7,7,5966
66,-61,6,5,6066
66,-62,6,5,6166
66,-63,3,3,6266
66,-64,3,3,6366
66,-65,4,4,6466
66,-66,3,3,6566
66,-67,2,2,6666
66,-68,1,1,6766
66,-69,2,2,6866
66,-70,0,0,6966
66,-71,0,0,7066
66,-72,0,0,7166
66,-73,0,0,7266
66,-74,0,0,7366
66,-75,0,0,7466
66,-76,0,0,7566
66,-77,0,0,7666
66,-78,0,0,7766
66,-79,0,0,7866
66,-80,0,0,7966
67,-21,0,0,2067
67,-22,0,0,2167
67,-23,0,0,2267
67,-24,0,0,2367
67,-25,0,0,2467
67,-26,0,0,2567
67,-27,0,0,2667
67,-28,0,0,2767
67,-29,0,0,2867
67,-30,2,2,2967
67,-31,3,3,3067
67,-32,2,2,3167
67,-33,3,3,3267
67,-34,2,2,3367
67,-35,1,1,3467
67,-36,2,2,3567
67,-37,1,1,3667
67,-38,6,6,3767
67,-39,6,6,3867
67,-40,5,5,3967
67,-41,5,5,4067
67,-42,5,5,4167
67,-43,9,9,4267
67,-44,5,5,4367
67,-45,5,5,4467
67,-46,4,4,4567
67,-47,6,6,4667
67,-48,5,5,4767
67,-49,4,4,4867
67,-50,5,5,4967
67,-51,5,4,5067
67,-52,4,4,5167
67,-53,5,5,5267
67,-54,4,4,5367
67,-55,5,5,5467
67,-56,5,5,5567
67,-57,6,6,5667
67,-58,6,6,5767
67,-59,7,5,5867
67,-60,7,7,5967
67,-61,5,4,6067
67,-62,5,5,6167
67,-63,3,3,6267
67,-64,4,4,6367
67,-65,2,2,6467
67,-66,3,3,6567
67,-67,3,3,6667
67,-68,3,3,6767
67,-69,3,3,6867
67,-70,2,2,6967
67,-71,0,0,7067
67,-72,0,0,7167
67,-73,0,0,7267
67,-74,0,0,7367
67,-75,0,0,7467
67,-76,0,0,7567
67,-77,0,0,7667
67,-78,0,0,7767
67,-79,0,0,7867
67,-80,0,0,7967
68,-21,0,0,2068
68,-22,0,0,2168
68,-23,0,0,2268
68,-24,0,0,2368
68,-25,0,0,2468
68,-26,0,0,2568
68,-27,0,0,2668
68,-28,0,0,2768
68,-29,1,1,2868
68,-30,2,2,2968
68,-31,3,3,3068
68,-32,2,2,3168
68,-33,2,2,3268
68,-34,3,3,3368
68,-35,2,2,3468
68,-36,3,3,3568
68,-37,4,4,3668
68,-38,7,7,3768
68,-39,8,8,3868
68,-40,4,4,3968
68,-41,6,6,4068
68,-42,6,6,4168
68,-43,8,8,4268
68,-44,6,6,4368
68,-45,7,7,4468
68,-46,4,4,4568
68,-47,4,4,4668
68,-48,5,5,4768
68,-49,5,5,4868
68,-50,4,4,4968
68,-51,3,3,5068
68,-52,4,4,5168
68,-53,3,3,5268
68,-54,3,3,5368
68,-55,5,5,5468
68,-56,5,5,5568
68,-57,6,6,5668
68,-58,6,6,5768
68,-59,7,6,5868
68,-60,6,6,5968
68,-61,4,4,6068
68,-62,8,8,6168
68,-63,3,3,6268
68,-64,3,3,6368
68,-65,3,3,6468
68,-66,3,3,6568
68,-67,2,2,6668
68,-68,4,4,6768
68,-69,2,2,6868
68,-70,2,2,6968
68,-71,2,2,7068
68,-72,0,0,7168
68,-73,0,0,7268
68,-74,0,0,7368
68,-75,0,0,7468
68,-76,0,0,7568
68,-77,0,0,7668
68,-78,0,0,7768
68,-79,0,0,7868
68,-80,0,0,7968
69,-21,0,0,2069
69,-22,0,0,2169
69,-23,0,0,2269
69,-24,0,0,2369
69,-25,0,0,2469
69,-26,0,0,2569
69,-27,0,0,2669
69,-28,0,0,2769
69,-29,0,0,2869
69,-30,2,2,2969
69,-31,2,1,3069
69,-32,2,2,3169
69,-33,3,3,3269
69,-34,2,2,3369
69,-35,1,1,3469
69,-36,3,3,3569
69,-37,3,3,3669
69,-38,6,6,3769
69,-39,7,7,3869
69,-40,7,7,3969
69,-41,6,6,4069
69,-42,7,7,4169
69,-43,4,4,4269
69,-44,6,6,4369
69,-45,5,5,4469
69,-46,4,4,4569
69,-47,4,4,4669
69,-48,6,5,4769
69,-49,5,4,4869
69,-50,5,5,4969
69,-51,5,5,5069
69,-52,4,4,5169
69,-53,4,4,5269
69,-54,4,4,5369
69,-55,6,6,5469
69,-56,4,4,5569
69,-57,6,6,5669
69,-58,7,7,5769
69,-59,6,5,5869
69,-60,7,7,5969
69,-61,5,5,6069
69,-62,6,6,6169
69,-63,2,2,6269
69,-64,1,1,6369
69,-65,2,2,6469
69,-66,3,3,6569
69,-67,3,3,6669
69,-68,4,4,6769
69,-69,2,2,6869
69,-70,1,1,6969
69,-71,1,1,7069
69,-72,1,1,7169
69,-73,0,0,7269
69,-74,0,0,7369
69,-75,0,0,7469
69,-76,0,0,7569
69,-77,0,0,7669
69,-78,1,1,7769
69,-79,0,0,7869
69,-80,0,0,7969
70,-21,0,0,2070
70,-22,0,0,2170
70,-23,0,0,2270
70,-24,0,0,2370
70,-25,0,0,2470
70,-26,0,0,2570
70,-27,0,0,2670
70,-28,0,0,2770
70,-29,0,0,2870
70,-30,2,2,2970
70,-31,3,3,3070
70,-32,2,2,3170
70,-33,2,2,3270
70,-34,2,2,3370
70,-35,1,1,3470
70,-36,2,2,3570
70,-37,3,3,3670
70,-38,3,3,3770
70,-39,6,6,3870
70,-40,7,7,3970
70,-41,7,7,4070
70,-42,6,6,4170
70,-43,5,5,4270
70,-44,6,6,4370
70,-45,3,3,4470
70,-46,5,5,4570
70,-47,8,8,4670
70,-48,4,3,4770
70,-49,4,3,4870
70,-50,4,4,4970
70,-51,5,5,5070
70,-52,4,4,5170
70,-53,4,4,5270
70,-54,3,3,5370
70,-55,6,6,5470
70,-56,6,6,5570
70,-57,5,5,5670
70,-58,5,5,5770
70,-59,6,6,5870
70,-60,0,0,5970
70,-61,0,0,6070
70,-62,0,0,6170
70,-63,0,0,6270
70,-64,0,0,6370
70,-65,0,0,6470
70,-66,1,1,6570
70,-67,1,1,6670
70,-68,2,2,6770
70,-69,1,1,6870
70,-70,1,1,6970
70,-71,1,1,7070
70,-72,1,1,7170
70,-73,0,0,7270
70,-74,0,0,7370
70,-75,0,0,7470
70,-76,0,0,7570
70,-77,0,0,7670
70,-78,0,0,7770
70,-79,0,0,7870
70,-80,0,0,7970
71,-21,0,0,2071
71,-22,0,0,2171
71,-23,0,0,2271
71,-24,0,0,2371
71,-25,0,0,2471
71,-26,0,0,2571
71,-27,0,0,2671
71,-28,0,0,2771
71,-29,0,0,2871
71,-30,1,1,2971
71,-31,2,2,3071
71,-32,3,3,3171
71,-33,3,3,3271
71,-34,1,1,3371
71,-35,2,2,3471
71,-36,2,2,3571
71,-37,2,2,3671
71,-38,4,4,3771
71,-39,6,6,3871
71,-40,5,5,3971
71,-41,7,7,4071
71,-42,5,5,4171
71,-43,4,4,4271
71,-44,6,5,4371
71,-45,3,3,4471
71,-46,4,4,4571
71,-47,6,6,4671
71,-48,6,6,4771
71,-49,8,7,4871
71,-50,6,6,4971
71,-51,4,4,5071
71,-52,5,5,5171
71,-53,5,4,5271
71,-54,5,5,5371
71,-55,8,8,5471
71,-56,5,4,5571
71,-57,6,6,5671
71,-58,5,5,5771
71,-59,6,6,5871
71,-60,0,0,5971
71,-61,0,0,6071
71,-62,0,0,6171
71,-63,0,0,6271
71,-64,0,0,6371
71,-65,0,0,6471
71,-66,1,1,6571
71,-67,1,1,6671
71,-68,1,1,6771
71,-69,1,1,6871
71,-70,1,1,6971
71,-71,1,1,7071
71,-72,1,1,7171
71,-73,0,0,7271
71,-74,0,0,7371
71,-75,0,0,7471
71,-76,0,0,7571
71,-77,0,0,7671
71,-78,0,0,7771
71,-79,0,0,7871
71,-80,0,0,7971
72,-21,0,0,2072
72,-22,0,0,2172
72,-23,0,0,2272
72,-24,0,0,2372
72,-25,0,0,2472
72,-26,0,0,2572
72,-27,0,0,2672
72,-28,0,0,2772
72,-29,0,0,2872
72,-30,1,1,2972
72,-31,4,4,3072
72,-32,2,2,3172
72,-33,1,1,3272
72,-34,4,4,3372
72,-35,3,3,3472
72,-36,1,0,3572
72,-37,3,2,3672
72,-38,4,4,3772
72,-39,6,6,3872
72,-40,6,6,3972
72,-41,7,7,4072
72,-42,4,4,4172
72,-43,5,5,4272
72,-44,7,7,4372
72,-45,7,7,4472
72,-46,5,5,4572
72,-47,6,6,4672
72,-48,5,5,4772
72,-49,7,7,4872
72,-50,6,6,4972
72,-51,5,5,5072
72,-52,5,4,5172
72,-53,4,4,5272
72,-54,6,6,5372
72,-55,7,7,5472
72,-56,5,5,5572
72,-57,7,7,5672
72,-58,6,6,5772
72,-59,4,4,5872
72,-60,0,0,5972
72,-61,0,0,6072
72,-62,0,0,6172
72,-63,0,0,6272
72,-64,0,0,6372
72,-65,0,0,6472
72,-66,0,0,6572
72,-67,0,0,6672
72,-68,0,0,6772
72,-69,0,0,6872
72,-70,0,0,6972
72,-71,0,0,7072
72,-72,0,0,7172
72,-73,0,0,7272
72,-74,0,0,7372
72,-75,0,0,7472
72,-76,0,0,7572
72,-77,0,0,7672
72,-78,0,0,7772
72,-79,0,0,7872
72,-80,0,0,7972
73,-21,0,0,2073
73,-22,0,0,2173
73,-23,0,0,2273
73,-24,0,0,2373
73,-25,0,0,2473
73,-26,0,0,2573
73,-27,0,0,2673
73,-28,0,0,2773
73,-29,0,0,2873
73,-30,0,0,2973
73,-31,1,1,3073
73,-32,1,1,3173
73,-33,2,2,3273
73,-34,2,2,3373
73,-35,3,3,3473
73,-36,2,2,3573
73,-37,2,2,3673
73,-38,6,6,3773
73,-39,7,7,3873
73,-40,5,5,3973
73,-41,6,6,4073
73,-42,7,7,4173
73,-43,8,8,4273
73,-44,5,5,4373
73,-45,6,6,4473
73,-46,6,6,4573
73,-47,5,5,4673
73,-48,5,5,4773
73,-49,7,7,4873
73,-50,5,5,4973
73,-51,5,5,5073
73,-52,4,4,5173
73,-53,4,4,5273
73,-54,7,6,5373
73,-55,7,7,5473
73,-56,4,4,5573
73,-57,8,8,5673
73,-58,6,6,5773
73,-59,0,0,5873
73,-60,0,0,5973
73,-61,0,0,6073
73,-62,0,0,6173
73,-63,0,0,6273
73,-64,0,0,6373
73,-65,0,0,6473
73,-66,0,0,6573
73,-67,0,0,6673
73,-68,0,0,6773
73,-69,0,0,6873
73,-70,0,0,6973
73,-71,0,0,7073
73,-72,0,0,7173
73,-73,0,0,7273
73,-74,0,0,7373
73,-75,0,0,7473
73,-76,0,0,7573
73,-77,0,0,7673
73,-78,0,0,7773
73,-79,0,0,7873
73,-80,0,0,7973
74,-21,0,0,2074
74,-22,0,0,2174
74,-23,0,0,2274
74,-24,0,0,2374
74,-25,0,0,2474
74,-26,0,0,2574
74,-27,0,0,2674
74,-28,0,0,2774
74,-29,0,0,2874
74,-30,1,1,2974
74,-31,1,1,3074
74,-32,1,1,3174
74,-33,1,1,3274
74,-34,3,3,3374
74,-35,1,1,3474
74,-36,3,3,3574
74,-37,2,2,3674
74,-38,3,3,3774
74,-39,7,7,3874
74,-40,6,0,3974
74,-41,5,5,4074
74,-42,5,5,4174
74,-43,7,7,4274
74,-44,8,8,4374
74,-45,6,6,4474
74,-46,8,8,4574
74,-47,8,8,4674
74,-48,6,6,4774
74,-49,7,7,4874
74,-50,8,8,4974
74,-51,6,5,5074
74,-52,4,4,5174
74,-53,4,4,5274
74,-54,5,5,5374
74,-55,6,6,5474
74,-56,5,5,5574
74,-57,6,6,5674
74,-58,5,5,5774
74,-59,6,6,5874
74,-60,0,0,5974
74,-61,0,0,6074
74,-62,0,0,6174
74,-63,0,0,6274
74,-64,0,0,6374
74,-65,0,0,6474
74,-66,0,0,6574
74,-67,0,0,6674
74,-68,0,0,6774
74,-69,0,0,6874
74,-70,0,0,6974
74,-71,0,0,7074
74,-72,0,0,7174
74,-73,0,0,7274
74,-74,0,0,7374
74,-75,0,0,7474
74,-76,0,0,7574
74,-77,0,0,7674
74,-78,0,0,7774
74,-79,0,0,7874
74,-80,0,0,7974
75,-21,0,0,2075
75,-22,0,0,2175
75,-23,0,0,2275
75,-24,0,0,2375
75,-25,0,0,2475
75,-26,0,0,2575
75,-27,0,0,2675
75,-28,0,0,2775
75,-29,0,0,2875
75,-30,1,1,2975
75,-31,1,1,3075
75,-32,1,1,3175
75,-33,1,1,3275
75,-34,1,1,3375
75,-35,2,2,3475
75,-36,2,2,3575
75,-37,1,1,3675
75,-38,2,2,3775
75,-39,2,2,3875
75,-40,3,3,3975
75,-41,4,4,4075
75,-42,6,6,4175
75,-43,6,6,4275
75,-44,5,5,4375
75,-45,7,7,4475
75,-46,7,7,4575
75,-47,7,7,4675
75,-48,6,6,4775
75,-49,7,7,4875
75,-50,5,5,4975
75,-51,6,6,5075
75,-52,4,4,5175
75,-53,7,7,5275
75,-54,7,7,5375
75,-55,6,6,5475
75,-56,6,6,5575
75,-57,7,7,5675
75,-58,9,8,5775
75,-59,4,4,5875
75,-60,0,0,5975
75,-61,0,0,6075
75,-62,0,0,6175
75,-63,0,0,6275
75,-64,0,0,6375
75,-65,0,0,6475
75,-66,0,0,6575
75,-67,0,0,6675
75,-68,0,0,6775
75,-69,0,0,6875
75,-70,0,0,6975
75,-71,0,0,7075
75,-72,0,0,7175
75,-73,0,0,7275
75,-74,0,0,7375
75,-75,0,0,7475
75,-76,0,0,7575
75,-77,0,0,7675
75,-78,0,0,7775
75,-79,0,0,7875
75,-80,0,0,7975
76,-21,0,0,2076
76,-22,0,0,2176
76,-23,0,0,2276
76,-24,0,0,2376
76,-25,0,0,2476
76,-26,0,0,2576
76,-27,0,0,2676
76,-28,0,0,2776
76,-29,0,0,2876
76,-30,0,0,2976
76,-31,0,0,3076
76,-32,2,2,3176
76,-33,2,2,3276
76,-34,1,1,3376
76,-35,1,1,3476
76,-36,1,1,3576
76,-37,2,2,3676
76,-38,3,3,3776
76,-39,2,2,3876
76,-40,2,2,3976
76,-41,2,2,4076
76,-42,5,5,4176
76,-43,6,6,4276
76,-44,6,6,4376
76,-45,6,6,4476
76,-46,1,1,4576
76,-47,5,5,4676
76,-48,7,6,4776
76,-49,10,9,4876
76,-50,6,6,4976
76,-51,5,5,5076
76,-52,1,1,5176
76,-53,6,6,5276
76,-54,4,4,5376
76,-55,5,5,5476
76,-56,7,7,5576
76,-57,7,7,5676
76,-58,6,6,5776
76,-59,7,7,5876
76,-60,0,0,5976
76,-61,0,0,6076
76,-62,0,0,6176
76,-63,0,0,6276
76,-64,0,0,6376
76,-65,0,0,6476
76,-66,0,0,6576
76,-67,0,0,6676
76,-68,0,0,6776
76,-69,0,0,6876
76,-70,0,0,6976
76,-71,0,0,7076
76,-72,0,0,7176
76,-73,0,0,7276
76,-74,0,0,7376
76,-75,0,0,7476
76,-76,0,0,7576
76,-77,0,0,7676
76,-78,0,0,7776
76,-79,0,0,7876
76,-80,0,0,7976
77,-21,0,0,2077
77,-22,0,0,2177
77,-23,0,0,2277
77,-24,0,0,2377
77,-25,0,0,2477
77,-26,0,0,2577
77,-27,0,0,2677
77,-28,0,0,2777
77,-29,0,0,2877
77,-30,0,0,2977
77,-31,0,0,3077
77,-32,0,0,3177
77,-33,0,0,3277
77,-34,0,0,3377
77,-35,1,1,3477
77,-36,1,1,3577
77,-37,1,1,3677
77,-38,0,0,3777
77,-39,0,0,3877
77,-40,0,0,3977
77,-41,1,1,4077
77,-42,1,1,4177
77,-43,3,3,4277
77,-44,0,0,4377
77,-45,0,0,4477
77,-46,0,0,4577
77,-47,1,1,4677
77,-48,2,2,4777
77,-49,1,1,4877
77,-50,6,6,4977
77,-51,1,1,5077
77,-52,1,1,5177
77,-53,1,1,5277
77,-54,2,2,5377
77,-55,1,1,5477
77,-56,7,7,5577
77,-57,5,5,5677
77,-58,5,5,5777
77,-59,1,1,5877
77,-60,0,0,5977
77,-61,0,0,6077
77,-62,0,0,6177
77,-63,0,0,6277
77,-64,0,0,6377
77,-65,0,0,6477
77,-66,0,0,6577
77,-67,0,0,6677
77,-68,0,0,6777
77,-69,0,0,6877
77,-70,0,0,6977
77,-71,0,0,7077
77,-72,0,0,7177
77,-73,0,0,7277
77,-74,0,0,7377
77,-75,0,0,7477
77,-76,0,0,7577
77,-77,0,0,7677
77,-78,0,0,7777
77,-79,0,0,7877
77,-80,0,0,7977
78,-21,0,0,2078
78,-22,0,0,2178
78,-23,0,0,2278
78,-24,0,0,2378
78,-25,0,0,2478
78,-26,0,0,2578
78,-27,0,0,2678
78,-28,0,0,2778
78,-29,0,0,2878
78,-30,0,0,2978
78,-31,0,0,3078
78,-32,0,0,3178
78,-33,0,0,3278
78,-34,0,0,3378
78,-35,0,0,3478
78,-36,0,0,3578
78,-37,0,0,3678
78,-38,0,0,3778
78,-39,0,0,3878
78,-40,0,0,3978
78,-41,0,0,4078
78,-42,0,0,4178
78,-43,0,0,4278
78,-44,0,0,4378
78,-45,0,0,4478
78,-46,0,0,4578
78,-47,0,0,4678
78,-48,0,0,4778
78,-49,0,0,4878
78,-50,0,0,4978
78,-51,0,0,5078
78,-52,0,0,5178
78,-53,0,0,5278
78,-54,0,0,5378
78,-55,0,0,5478
78,-56,0,0,5578
78,-57,0,0,5678
78,-58,0,0,5778
78,-59,0,0,5878
78,-60,0,0,5978
78,-61,0,0,6078
78,-62,0,0,6178
78,-63,0,0,6278
78,-64,0,0,6378
78,-65,0,0,6478
78,-66,0,0,6578
78,-67,0,0,6678
78,-68,0,0,6778
78,-69,0,0,6878
78,-70,0,0,6978
78,-71,0,0,7078
78,-72,0,0,7178
78,-73,0,0,7278
78,-74,0,0,7378
78,-75,0,0,7478
78,-76,0,0,7578
78,-77,0,0,7678
78,-78,0,0,7778
78,-79,0,0,7878
78,-80,0,0,7978
79,-21,0,0,2079
79,-22,0,0,2179
79,-23,0,0,2279
79,-24,0,0,2379
79,-25,0,0,2479
79,-26,0,0,2579
79,-27,0,0,2679
79,-28,0,0,2779
79,-29,0,0,2879
79,-30,0,0,2979
79,-31,0,0,3079
79,-32,0,0,3179
79,-33,0,0,3279
79,-34,0,0,3379
79,-35,0,0,3479
79,-36,0,0,3579
79,-37,0,0,3679
79,-38,0,0,3779
79,-39,0,0,3879
79,-40,0,0,3979
79,-41,0,0,4079
79,-42,0,0,4179
79,-43,0,0,4279
79,-44,0,0,4379
79,-45,0,0,4479
79,-46,0,0,4579
79,-47,0,0,4679
79,-48,0,0,4779
79,-49,0,0,4879
79,-50,0,0,4979
79,-51,0,0,5079
79,-52,0,0,5179
79,-53,0,0,5279
79,-54,0,0,5379
79,-55,0,0,5479
79,-56,0,0,5579
79,-57,0,0,5679
79,-58,0,0,5779
79,-59,0,0,5879
79,-60,0,0,5979
79,-61,0,0,6079
79,-62,0,0,6179
79,-63,0,0,6279
79,-64,0,0,6379
79,-65,0,0,6479
79,-66,0,0,6579
79,-67,0,0,6679
79,-68,0,0,6779
79,-69,0,0,6879
79,-70,0,0,6979
79,-71,0,0,7079
79,-72,0,0,7179
79,-73,0,0,7279
79,-74,0,0,7379
79,-75,0,0,7479
79,-76,0,0,7579
79,-77,0,0,7679
79,-78,0,0,7779
79,-79,0,0,7879
79,-80,0,0,7979
